id_curso;nome_curso;eixos_tematicos;data_lancamento
1085;Trilho 1 - Elaborando a estratégia governamental e institucional Trilha - Estratégia e Planejamento;Estratégia e Planejamento;03/09/2024
706;Como Fiscalizar com Eficiência Contratos Públicos;Água e Saneamento / Logística e Compras Públicas;08/10/2021
545;SEI! Usar para Deficientes Visuais;Comunicação / Governo e Transformação Digital;25/06/2021
1276;Armamento Institucional;Direito e Legislação;19/12/2024
194;Curso de Formação de Servidores Municipais ou Distritais para a Fiscalização e a Cobrança do ITR;Direito e Legislação / Orçamento e Finanças;30/07/2024
713;2030 Agenda for Sustainable Development and e-Learning Design Basics;Educação e Docência;01/11/2021
469;Internacionalização de empresas no âmbito da Receita Federal;Direito e Legislação;05/10/2022
1230;Trilho 2 - Garantindo o atendimento das necessidades do usuário Trilha - Foco nos resultados para os cidadãos;Excelência na Entrega de Serviços;24/10/2024
386;Metrologia Básica;Infraestrutura;26/02/2021
1179;Comunicando sobre a Mudança do Clima;Meio Ambiente;16/08/2024
471;Logística no Comércio Exterior Aplicada à Receita Federal;Regulação / Estratégia e Planejamento / Direito e Legislação / Logística e Compras Públicas;22/09/2022
1055;Introdução ao Desenvolvimento Urbano Sustentável;Infraestrutura;07/12/2023
440;Nova Lei de Licitações: Gestão Contratual;Políticas Públicas / Água e Saneamento / Logística e Compras Públicas;16/01/2022
463;Comunicação não violenta;Desenvolvimento Pessoal / Comunicação / Gestão de Pessoas / Gestão Pública / Liderança;21/06/2022
1221;Gestão e Fiscalização de Contratos, sob o enfoque da Lei nº 14.133/21;Logística e Compras Públicas;03/09/2024
296;Orçamento Público;Água e Saneamento / Gestão Pública / Orçamento e Finanças;22/04/2020
196;Funpresp - A previdência complementar do servidor público federal;Aposentadoria e Previdência / Gestão de Pessoas;29/03/2019
216;Acompanhamento e Fiscalização de Contratos Administrativos na Receita Federal do Brasil;Gestão Pública / Logística e Compras Públicas;12/08/2020
560;Ágil en el Contexto del Servicio Público;Estratégia e Planejamento;27/08/2021
1228;Trilho 2 - Identificando a repercussão de suas ações nos objetivos Trilha - Trabalho em equipe;Desenvolvimento Pessoal / Gestão de Pessoas;27/09/2024
1296;Cartografia de Perigo a Movimentos de Massa;Meio Ambiente;22/11/2024
371;Fiscalização e Gestão de Contratos de TIC;Gestão Pública / Governo e Transformação Digital;24/12/2020
505;Proteção e Defesa Civil: introdução à Política Nacional - Curso 1;Regulação / Água e Saneamento / Gestão Pública;05/04/2021
358;SCDP - Solicitação do Afastamento a Serviço;Logística e Compras Públicas;29/10/2020
315;Primeiros passos para uso de Linguagem Simples;Comunicação / Água e Saneamento / Inovação;30/06/2020
624;Garantia de Direitos e Atenção à Pessoa Idosa;Direitos Humanos e Cidadania / Políticas Públicas;23/11/2021
601;S2ID - M1 - Usuário Federal - Registro e Reconhecimento;Gestão Pública;17/08/2021
300;Gestão de Riscos em Processos de Trabalho (segundo o Coso);Transparência, Controle e Participação / Gestão Pública / Governo e Transformação Digital;16/04/2020
1170;Trilho 2 - Criando ambientes de trabalho inclusivos - Trilha - Diversidade e Inclusão;Direitos Humanos e Cidadania;24/07/2024
107;Planejamento Estratégico para Organizações Públicas;Estratégia e Planejamento / Gestão Pública;05/09/2022
908;Acervos Digitais nos Museus: realização de projetos;Educação e Docência / Governo e Transformação Digital / Gestão da Informação e do Conhecimento;06/07/2023
1021;Educação Patrimonial e Patrimônio Material;Educação e Docência / Políticas Públicas;02/11/2023
414;Gestão do Conhecimento no Setor Público;Estratégia e Planejamento / Gestão Pública / Governo e Transformação Digital / Gestão da Informação e do Conhecimento;28/05/2021
665;Introdução ao Pensamento de Futuros na Gestão Pública;Políticas Públicas / Estratégia e Planejamento;19/12/2022
271;Fundamentos e Metodologia da Educação Corporativa;Educação e Docência;30/03/2020
875;Serviços públicos e defesa do usuário;Transparência, Controle e Participação / Gestão Pública;22/09/2022
708;S2ID - M2 - Usuário Estadual - Execução das Ações de Resposta;Meio Ambiente / Água e Saneamento / Gestão Pública / Infraestrutura;14/10/2021
928;Suprimento de fundos e cartão de pagamento;Logística e Compras Públicas / Orçamento e Finanças;28/04/2023
10;Controle Social;Direitos Humanos e Cidadania / Transparência, Controle e Participação;10/11/2015
103;Gestão da Estratégia com BSC - Fundamentos;Água e Saneamento / Estratégia e Planejamento / Gestão Pública / Governo e Transformação Digital;06/05/2014
381;Crianças e Adolescentes Migrantes;Direitos Humanos e Cidadania / Gestão Pública / Políticas Sociais;23/02/2021
760;Reconhecimento de Riscos Químicos nos Ambientes de Trabalho;Políticas Públicas;07/07/2022
779;Integração e Interoperabilidade BIM;Inovação;22/06/2022
514;Gestão de Politicas Públicas para Pequenos Negócios - Aquisições públicas;Gestão Pública;15/06/2021
510;Introdução à Promoção de Negócios Internacionais;Água e Saneamento / Gestão Pública / Economia;10/06/2021
1072;Formação de Professores do Programa Aprender Valor;Educação e Docência;17/05/2024
695;Aposentadoria e Pensão de servidores: Atualizações conforme Emenda 103/2019;Políticas Públicas / Aposentadoria e Previdência;15/03/2022
889;Conceitos essenciais sobre Patologias em Estruturas de Concreto;Infraestrutura;06/01/2023
1019;Instrumentos de Desenvolvimento Urbano Sustentável - Planejamento;Estratégia e Planejamento / Gestão Pública / Infraestrutura;16/11/2023
755;S2ID - M2 - Usuário Federal - Prestação de Contas das Ações de Resposta;Gestão Pública;17/01/2022
318;Inteligência Emocional;Gestão Pública / Liderança;14/08/2020
1343;Previdência Complementar Aplicada às Empresas Estatais;Liderança;28/02/2025
1342;Gestão de Pessoas nas Empresas Estatais;Liderança;28/02/2025
648;Ferramentas de Gestão nas Transferências da União;Orçamento e Finanças;28/02/2025
488;Comunicação Pública e Comunicação de Governo;Comunicação / Gestão Pública / Gestão da Informação e do Conhecimento;06/07/2022
223;Introdução ao Sistema Sigepe - AFD;Gestão de Pessoas / Gestão Pública / Gestão da Informação e do Conhecimento;09/04/2019
1160;Gerenciar Dados com o Microsoft 365;Governo e Transformação Digital;03/06/2024
290;Proteção de Dados Pessoais no Setor Público;Análise e Ciência de Dados / Água e Saneamento / Gestão Pública / Governo e Transformação Digital / Direito e Legislação;18/03/2020
260;SIAFI Ordens Bancárias;Gestão Pública / Orçamento e Finanças;18/11/2019
275;Acessibilidade em espaços de uso público no Brasil;Direitos Humanos e Cidadania / Gestão Pública;28/05/2020
230;Demonstrativo do Resultado da Avaliação Atuarial - DRAA;Gestão de Pessoas / Orçamento e Finanças;31/05/2019
210;Marco Regulatório das Organizações da Sociedade Civil - MROSC;Transparência, Controle e Participação / Direito e Legislação / Políticas Sociais;01/02/2019
661;Cadastro Integrado de Projetos de Investimento - Obrasgov.br;Transferências Voluntárias / Transparência, Controle e Participação;05/10/2023
823;Agência de Água: O que é, o que faz e como funciona;Regulação / Água e Saneamento;07/11/2022
394;BIM - Conceituação Básica;Inovação;19/01/2022
249;Me Poupe! Invista com Nathalia Arcuri;Direitos Humanos e Cidadania / Orçamento e Finanças;31/10/2019
228;Acesso à informação e Ouvidorias do Ministério Público;Direitos Humanos e Cidadania / Ética;29/04/2019
936;GTFS, GPS e bilhetagem eletrônica no transporte público coletivo;Análise e Ciência de Dados / Gestão da Informação e do Conhecimento;19/04/2023
548;Contabilidade com foco na gestão da informação contábil;Água e Saneamento / Gestão Pública / Orçamento e Finanças;25/07/2021
553;Projeto de interface para Serviços Digitais;Gestão Pública / Gestão da Informação e do Conhecimento;02/07/2021
655;Convênios de Educação, Ciência, Tecnologia e Inovação: Atos Preparatórios;Políticas Públicas;02/10/2023
549;S2ID - M2 - Usuário Municipal - Execução das Ações de Resposta;Políticas Públicas / Água e Saneamento / Gestão Pública;09/07/2021
923;Introdução à Gestão de Riscos;Gestão Pública;14/03/2023
1161;Conceitos e Práticas para o Gerenciamento de Desastres no Âmbito Municipal;Gestão Pública;17/06/2024
1267;Trilho 4 - Organizando o orçamento e as finanças para executar o planejamento municipal Trilha - Gestão Municipal: Tudo o que você precisa saber para os primeiros 100 dias de mandato;Gestão Pública;29/10/2024
1073;Segurança Cibernética: Controles 1 a 6 do CIS Controls;Governo e Transformação Digital;17/06/2024
637;Transferências da União: Visão Geral;Políticas Públicas;12/11/2021
848;Implementação de Políticas em Economia Criativa;Políticas Públicas;17/07/2024
342;Contabilidade com Foco na Gestão do Patrimônio Público;Água e Saneamento / Gestão Pública / Orçamento e Finanças;16/10/2020
831;Plano de Segurança de Barragens: guia de instruções;Regulação / Água e Saneamento;01/11/2022
971;Educação Patrimonial: currículo, conceito e temas;Educação e Docência;22/11/2023
725;Noções básicas de SST para pequenos negócios;Políticas Públicas;11/01/2022
1030;Instrumentos de Desenvolvimento Urbano Sustentável - Gestão;Políticas Públicas / Gestão Pública / Infraestrutura;22/11/2023
860;Compras sustentáveis e a nova lei de licitações;Água e Saneamento / Logística e Compras Públicas;22/08/2022
780;S2ID - M5 – Plantonista (todos) - Monitoramento;Água e Saneamento / Gestão Pública;31/03/2022
511;Inovações em Tecnologia Educacional;Educação e Docência;25/05/2021
950;Promoção e Defesa dos Direitos das Pessoas LGBTQIA+;Direitos Humanos e Cidadania / Políticas Sociais;15/05/2023
551;Administration of Government Cloud Services;Governo e Transformação Digital;13/08/2021
808;Gerenciamento de Continuidade de Negócios na Administração Pública;Governo e Transformação Digital / Inovação;13/12/2022
861;Inteligência Artificial para simplificar o dia a dia;Inovação;09/08/2022
922;Termos de Fomento e de Colaboração: Execução;Gestão Pública / Governo e Transformação Digital / Orçamento e Finanças;04/05/2023
1237;Trilho 1 - Tomando decisões com base na ética Trilha - Ética e integridade pública;Ética;07/10/2024
499;CAIXA: Banco Público Atuando para o Desenvolvimento do Município;Políticas Públicas;21/12/2021
830;Noções de Ciência Política aplicada à Gestão de Recursos Hídricos;Regulação / Água e Saneamento;22/09/2022
378;Segurança da Informação no contexto da transformação digital;Gestão Pública / Governo e Transformação Digital;02/04/2021
926;Contratações Diretas na Nova Lei de Licitações;Transparência, Controle e Participação / Gestão Pública / Logística e Compras Públicas;20/04/2023
529;Como implementar a LGPD: bases, mecanismos e processos;Governo e Transformação Digital / Direito e Legislação / Gestão da Informação e do Conhecimento;19/12/2022
1241;Trilho 1 - Expressando ideias e conceitos Trilha - Comunicação;Comunicação;23/10/2024
357;Análise de Impacto Regulatório: Conceitos Fundamentais;Regulação / Análise e Ciência de Dados / Água e Saneamento;29/10/2020
214;Gestão em Ouvidoria para o Ministério Público;Excelência na Entrega de Serviços / Transparência, Controle e Participação;28/02/2019
1162;Gerenciar Projetos com o Microsoft 365;Governo e Transformação Digital;10/06/2024
1076;Educação Financeira Pessoal;Desenvolvimento Pessoal;20/05/2024
563;Redação Oficial e Noções de SEI e suas aplicações;Gestão de Pessoas;17/08/2021
104;Introdução à Gestão de Projetos;Excelência na Entrega de Serviços / Estratégia e Planejamento / Gestão Pública / Governo e Transformação Digital;15/04/2014
445;Uso de Mídias Sociais na Comunicação Institucional;Comunicação;30/12/2022
697;Proteção e Defesa Civil: Atuação no Âmbito Municipal - Curso 2;Políticas Públicas / Água e Saneamento / Infraestrutura;17/09/2021
380;Migração e Saúde;Direitos Humanos e Cidadania / Gestão Pública / Políticas Sociais;08/02/2021
888;Sinalização Viária;Infraestrutura;27/12/2022
696;S2ID - M3 - Usuário Municipal - Acompanhamento das Obras de Reconstrução;Regulação / Água e Saneamento / Gestão Pública;17/09/2021
1135;Seleção de lideranças: como escolher as melhores pessoas;Gestão de Pessoas;29/04/2024
507;Rotulagem Ambiental Tipo I: Sustentabilidade e Competitividade para Produtos e Serviços Brasileiros;Regulação / Gestão Pública;18/05/2021
867;Aspectos técnicos dos extremos geo-hidrológicos no país e as diferenças regionais;Políticas Públicas / Água e Saneamento;05/09/2022
293;Noções Básicas do Trabalho Remoto;Gestão de Pessoas / Governo e Transformação Digital;31/03/2020
671;Avaliação de Bens e Imóveis com Foco no Método Evolutivo;Infraestrutura;11/03/2022
212;Siafi Básico;Gestão Pública / Orçamento e Finanças / Gestão da Informação e do Conhecimento;18/11/2019
807;Gamificação aplicada à Transformação Digital na Administração Pública;Governo e Transformação Digital / Inovação;25/11/2022
1022;Governança Colaborativa para a Primeira Infância;Estratégia e Planejamento;23/10/2023
822;Enquadramento de Corpos Dágua;Regulação / Água e Saneamento;23/05/2022
1155;Administração de Abrigos Temporários;Gestão Pública;25/06/2024
1074;Higiene Ocupacional;Políticas Públicas;15/04/2024
723;PRINCE2 - Outra maneira de gerenciar projetos na administração pública;Excelência na Entrega de Serviços / Estratégia e Planejamento / Gestão Pública / Governo e Transformação Digital;02/02/2022
233;Resolução de Conflitos Aplicada ao Contexto das Ouvidorias do Ministério Público;Ética;31/05/2019
817;Propósito e Qualidade de vida: Descobertas para o Desenvolvimento Pessoal;Desenvolvimento Pessoal;12/05/2022
405;Lei nº 8112/90 e suas alterações;Gestão de Pessoas / Gestão Pública;01/06/2021
487;Gestão Fiscal Municipal;Água e Saneamento / Orçamento e Finanças;23/12/2021
686;Defesa Comercial;Direito e Legislação / Economia;04/08/2023
538;Facilitação de Reuniões, Times e Workshops no Ambiente Online;Desenvolvimento Pessoal / Governo e Transformação Digital / Liderança;07/09/2022
596;Segurança em Máquinas e Equipamentos NR12 - Apreciação e Redução de Risco;Regulação / Inovação;20/08/2021
701;Scrum in the Context of the Public Sector;Estratégia e Planejamento;15/10/2021
477;Português - Interpretação de Texto e Emprego de Regras Gramaticais;Desenvolvimento Pessoal / Comunicação;09/06/2022
170;Gestão de Finanças Pessoais;Direitos Humanos e Cidadania / Orçamento e Finanças;31/10/2019
1148;Trilho 3 - Contratando por dispensa ou inexigibilidade - Trilha - Contratações Públicas: Seleção do Fornecedor;Logística e Compras Públicas;28/06/2024
703;Gestão Documental;Gestão da Informação e do Conhecimento;06/10/2021
495;Infraestrutura Econômica e Urbana;Políticas Públicas / Água e Saneamento;31/12/2021
685;Gestão Estratégica de Pessoas no Setor Público e o Sistema de Carreiras;Gestão de Pessoas;02/02/2022
374;Behavioral Economics in public policies development;Políticas Públicas / Gestão Pública;18/12/2020
356;Desenvolvendo Times de Alta Performance;Gestão de Pessoas / Liderança;02/12/2020
84;Provas no Processo Administrativo Disciplinar;Gestão de Pessoas / Gestão Pública;16/05/2017
675;Ferramentas de Gestão no Teletrabalho (PDP);Comunicação;07/01/2022
435;Estratégias de Logística na Administração Pública;Água e Saneamento / Gestão Pública / Logística e Compras Públicas;20/06/2022
475;Planejamento e Organização Pessoal no Trabalho;Desenvolvimento Pessoal / Estratégia e Planejamento;15/07/2022
885;Capacitação para uso da Interface de Divulgação de Alertas Públicos;Políticas Públicas / Gestão Pública;11/11/2022
672;Mindfulness para Redução de Ansiedade no Teletrabalho;Saúde;24/12/2021
270;Governança de Dados;Análise e Ciência de Dados / Gestão Pública / Governo e Transformação Digital / Gestão da Informação e do Conhecimento;01/04/2021
761;Introdução à orçamentação de obras rodoviárias;Políticas Públicas / Infraestrutura;07/02/2022
1272;Trilho 2 - Atuando em rede Trilha - Coordenação e Colaboração em Rede;Gestão Pública;18/11/2024
438;Gestão de Convênios para Concedentes;Orçamento e Finanças;08/10/2021
874;Democratizando BIM;Análise e Ciência de Dados / Governo e Transformação Digital / Infraestrutura / Gestão da Informação e do Conhecimento;31/10/2022
1153;Fundamentos da Segurança Cibernética - Introdução ao CIS Controls;Governo e Transformação Digital;17/06/2024
1288;Término de Mandato: restrições fiscais;Orçamento e Finanças;08/11/2024
715;Percepção e Mapeamento de Áreas de Risco Geológico;Meio Ambiente / Água e Saneamento;21/12/2021
348;Governança de TIC para o Governo Digital;Estratégia e Planejamento / Governo e Transformação Digital;14/12/2020
113;Lei de Diretrizes Orçamentárias para Municípios;Orçamento e Finanças;11/04/2017
901;PROAGRO: O que você precisa saber?;Políticas Públicas / Economia;12/01/2023
769;Fotografia e Audiovisual para Produção de Janelas de Libras;Direitos Humanos e Cidadania / Comunicação;06/06/2022
1239;Trilho 3 - Interagir de forma produtiva Trilha - Comunicação;Comunicação;23/10/2024
1180;Desvendando as desigualdades regionais: uma viagem pelo Brasil;Políticas Públicas;17/07/2024
824;Avaliação de Equipamentos de Irrigação;Regulação / Água e Saneamento;28/09/2022
304;Sistema Eletrônico de Informações - SEI! ADMINISTRAR;Gestão Pública / Gestão da Informação e do Conhecimento;08/05/2020
330;Lei de Liberdade Econômica e o Licenciamento 4.0;Água e Saneamento / Gestão Pública / Economia;31/07/2020
1328;Processamento de Linguagem Natural;Governo e Transformação Digital;13/01/2025
630;Design Instrucional e Tecnologia com Articulate Storyline 360;Educação e Docência;17/09/2021
424;Análise e Melhoria de Processos;Estratégia e Planejamento / Gestão Pública;23/09/2021
600;Habilidades de Resolução de Problemas;Estratégia e Planejamento / Logística e Compras Públicas;10/09/2021
1231;Elaboração de editais em BIM;Gestão Pública;14/01/2025
859;Uso responsável das TICs;Gestão Pública / Governo e Transformação Digital;12/08/2022
517;Termo de Referência ou Projeto Básico para a Contratação de TIC – Avançado;Gestão Pública / Logística e Compras Públicas;09/06/2021
376;Criação de Reservas Particulares do Patrimônio Natural - RPPN;Meio Ambiente / Água e Saneamento / Gestão Pública;29/12/2020
777;Proteção e Defesa Civil: Gestão de Risco - Curso 3;Água e Saneamento / Gestão Pública;14/04/2022
482;Sistema de Controle Interno da Administração e Procuradoria Municipal;Transparência, Controle e Participação / Água e Saneamento / Gestão Pública / Governo e Transformação Digital;13/07/2022
439;Nova Lei de Licitações: modalidade e seleção de fornecedores;Gestão Pública / Direito e Legislação / Logística e Compras Públicas;11/11/2022
714;S2ID - M3 - Usuário Estadual - Solicitação de Recursos para Obras de Reconstrução;Políticas Públicas / Água e Saneamento / Gestão Pública / Infraestrutura;17/11/2021
932;A Regulação no Brasil e no Mundo;Água e Saneamento;05/04/2023
881;Direitos Humanos e saúde mental - Curso permanente Damião Ximenes Lopes;Direitos Humanos e Cidadania / Excelência na Entrega de Serviços / Direito e Legislação;10/04/2023
1329;Treinamento Censo Superior;Gestão da Informação e do Conhecimento;27/01/2025
4;Ética e Serviço Público;Ética / Excelência na Entrega de Serviços;25/09/2006
1080;Notificação de prestação de contas: análise, providências e consequências;Gestão Pública;19/01/2024
873;Elaboração do Plano de Contingência para os Riscos Decorrentes de Barragens – curso 3;Gestão Pública;02/12/2022
628;Metodologias Ativas;Educação e Docência;28/09/2021
314;Elaboração de Relatórios de Auditoria;Transparência, Controle e Participação;30/06/2020
518;Fundamentos da transformação digital: mapeamento e automação de processos;Gestão Pública / Gestão da Informação e do Conhecimento;07/06/2021
322;MROSC: Execução, Monitoramento e Avaliação;Direito e Legislação / Políticas Sociais;31/07/2020
930;Estatística para Análise de Dados na Administração Pública;Análise e Ciência de Dados / Gestão da Informação e do Conhecimento;11/05/2023
332;Linguagem simples aproxima o governo das pessoas. Como usar?;Comunicação / Água e Saneamento;08/07/2020
443;Nova Lei de Licitações: planejamento e governança;Gestão Pública / Direito e Legislação / Logística e Compras Públicas;30/12/2022
788;Papel do cidadão;Direitos Humanos e Cidadania;06/04/2022
409;Análise de riscos para contratações de TIC;Gestão Pública / Governo e Transformação Digital;04/04/2021
519;Elaboração e Avaliação do PPA: bases conceituais;Estratégia e Planejamento / Orçamento e Finanças;22/06/2021
939;Gestão e Fiscalização de Contratos Administrativos;Estratégia e Planejamento / Gestão Pública / Logística e Compras Públicas;26/04/2023
423;Aprendizagem Organizacional e Trilhas de Aprendizagem;Educação e Docência / Estratégia e Planejamento;26/05/2021
459;Introdução ao Excel;Análise e Ciência de Dados;12/09/2022
483;Avaliação estratégica de governo;Políticas Públicas / Estratégia e Planejamento / Gestão Pública;28/07/2022
265;Documentação de Acervo Museológico;Gestão Pública / Gestão da Informação e do Conhecimento;13/03/2020
650;Convênio de Educação, Ciência, Tecnologia e Inovação: Prestação de Contas;Transferências Voluntárias / Políticas Públicas;05/12/2023
316;MROSC: Seleção e Celebração;Direito e Legislação / Políticas Sociais;13/07/2020
868;Plano Diretor de Logística Sustentável: metodologia de construção, implementação e monitoramento;Água e Saneamento / Logística e Compras Públicas;01/09/2022
347;Introdução à Gestão e Apuração da Ética Pública;Ética / Gestão Pública;23/10/2020
629;Aprendendo com Python;Governo e Transformação Digital;15/09/2021
847;Conceitos básicos da Economia Criativa;Economia;13/11/2024
251;"Formação de Multiplicadores da Série ""Eu e Meu Dinheiro""";Direitos Humanos e Cidadania / Orçamento e Finanças;05/10/2019
1095;Trilho 3 - Criando o ambiente para inovação - Trilha - Inovação e Mudança;Inovação / Liderança;29/08/2024
404;Instrumentos de Planejamento: PPA, LDO e LOA;Água e Saneamento / Gestão Pública / Orçamento e Finanças;05/04/2021
797;Automação de Processos através da RPA para Transformação Digital;Análise e Ciência de Dados / Governo e Transformação Digital / Inovação;19/12/2022
521;Avaliadores de Artigos Científicos;Educação e Docência;24/12/2021
1068;Prevenção e Detecção de Cartéis em Licitações;Transparência, Controle e Participação / Logística e Compras Públicas / Orçamento e Finanças;29/12/2023
644;Termo de Compromisso: Prestação de Contas;Água e Saneamento / Gestão Pública / Orçamento e Finanças;20/06/2022
1154;Segurança Cibernética: Controles 13 a 18 do CIS Controls;Governo e Transformação Digital;17/06/2024
364;Gestão do Programa de Voluntariado nas Unidades Organizacionais do ICMBio;Meio Ambiente / Gestão Pública;18/12/2020
218;Tratamento de Denúncias em Ouvidoria para Ministério Público;Transparência, Controle e Participação;29/03/2019
719;Agenda para o desenvolvimento sustentável: conceitos, mobilização e articulação;Políticas Públicas / Água e Saneamento;28/12/2021
11;Introdução à Libras;Direitos Humanos e Cidadania / Ética / Excelência na Entrega de Serviços / Comunicação;25/10/2016
269;Uma Introdução às Migrações Internacionais no Brasil Contemporâneo;Direitos Humanos e Cidadania / Gestão Pública;29/12/2019
202;Critérios do Certificado de Regularidade Previdenciária - CRP;Aposentadoria e Previdência / Gestão de Pessoas;29/04/2019
95;Ciclo de Gestão do Investimento Público;Água e Saneamento / Estratégia e Planejamento / Gestão Pública / Orçamento e Finanças;29/08/2013
390;Etapas e Procedimentos do PNLD;Educação e Docência;18/03/2021
124;Políticas Públicas e Governo Local;Direitos Humanos e Cidadania / Políticas Públicas / Excelência na Entrega de Serviços / Transparência, Controle e Participação / Gestão Pública;01/02/2019
1115;Prevenção e Enfrentamento do Assédio Sexual e Moral;Direitos Humanos e Cidadania;19/03/2024
1146;Trilho 1 - Selecionando fornecedor por licitação -Trilha - Contratações Públicas: Seleção do Fornecedor;Logística e Compras Públicas;28/06/2024
700;Scrum en el Contexto del Servicio Público;Estratégia e Planejamento;15/10/2021
497;Gestão Municipal de Contratos Administrativos;Água e Saneamento / Estratégia e Planejamento / Gestão Pública / Direito e Legislação;07/07/2022
836;Assédio Moral: O que saber e fazer;Direitos Humanos e Cidadania / Ética / Gestão de Pessoas;21/06/2022
49;Acesso a Recursos do Saneamento: Mecanismos PAC - Financiamento/Curso 4;Políticas Públicas / Meio Ambiente / Água e Saneamento / Orçamento e Finanças / Infraestrutura;02/08/2013
956;Inovando na Gestão de Projetos;Gestão Pública / Inovação;30/06/2023
1131;Como trabalhar e colaborar On-line;Governo e Transformação Digital;15/04/2024
1079;SiGPC - Contas Online: acesso, utilização e lançamentos;Gestão Pública;19/01/2024
250;Desenho Instrucional para Soluções de Capacitações Presenciais;Educação e Docência;24/09/2019
857;Gestão e preservação de documentos digitais;Gestão da Informação e do Conhecimento;18/08/2022
724;Gestão de Riscos em Projetos de Transformação Digital;Estratégia e Planejamento;24/12/2021
387;Introdução à Defesa da Concorrência;Economia;07/03/2021
1057;Educação Patrimonial e Turismo Cultural;Educação e Docência;15/12/2023
1091;Inteligência Artificial Generativa;Governo e Transformação Digital;29/02/2024
1254;Trilho 6 - Respondendo a um incidente de segurança Trilha - Privacidade e Segurança da Informação;Governo e Transformação Digital;16/10/2024
1020;Educação Patrimonial e Diversidade;Educação e Docência / Políticas Públicas;02/11/2023
336;Problem-Solving Skills;Estratégia e Planejamento;21/09/2020
434;Estilos de Aprendizagem;Educação e Docência;28/12/2021
756;BIM - Implantação;Inovação;20/04/2022
927;Procedimentos Auxiliares na Nova Lei de Licitações;Logística e Compras Públicas;19/05/2023
385;PNLD Literário;Educação e Docência;07/02/2021
943;Racionalização dos processos de Obtenção de Alvarás de Construção;Políticas Públicas / Gestão Pública / Inovação;30/05/2023
535;Gerenciamento de serviços de TIC focado na Administração Pública;Governo e Transformação Digital / Inovação / Gestão da Informação e do Conhecimento;04/08/2022
1033;Introdução à Eficiência Energética em Habitação de Interesse Social;Infraestrutura;18/12/2023
1134;Planejamento da Contratação de Serviços de Operação de Infraestrutura e de Atendimento a Usuários de TIC;Estratégia e Planejamento / Logística e Compras Públicas;11/07/2024
12;Controles Institucional e Social dos Gastos Públicos;Excelência na Entrega de Serviços / Transparência, Controle e Participação / Água e Saneamento / Gestão Pública / Orçamento e Finanças;28/11/2017
559;Introdução às Práticas Arquivísticas;Comunicação / Gestão da Informação e do Conhecimento;06/08/2021
1271;CORPAS - Operações com Drones;Governo e Transformação Digital / Inovação;14/11/2024
1174;Introdução à Ciência de Dados - Modelos de Agrupamento;Análise e Ciência de Dados;29/07/2024
1071;Formação de Gestores Escolares do Programa Aprender Valor;Educação e Docência;22/05/2024
280;Controle Exercido por Conselhos de Assistência Social;Direitos Humanos e Cidadania / Transparência, Controle e Participação;28/02/2020
1258;Introdução à Ciência de Dados - Redes Complexas;Análise e Ciência de Dados;24/10/2024
1028;Instrumentos de Desenvolvimento Urbano Sustentável - Monitoramento e Avaliação;Políticas Públicas / Gestão Pública;01/12/2023
870;Conhecendo o PROARTE;Infraestrutura;30/08/2022
949;Contratação e Fiscalização de Obras Públicas;Logística e Compras Públicas;06/06/2023
422;Administração Pública e Contexto Institucional Contemporâneo;Estratégia e Planejamento;01/09/2021
636;O Brasil e a OCDE: Noções Básicas;Políticas Públicas / Políticas Sociais;19/10/2022
1120;Mulheres na liderança: potencialize suas habilidades e impulsione a mudança;Liderança;20/03/2024
331;Pesquisa com usuários: como ouvir cidadãos e empresas para melhorar seus serviços;Gestão Pública / Inovação;25/09/2020
1050;Construindo Mandatos Participativos nas Câmaras Municipais;Transparência, Controle e Participação / Gestão Pública;17/12/2024
1078;SiGPC: módulo de acesso público e acompanhamento das prestações de contas;Gestão Pública;19/01/2024
627;Inteligencia Emocional;Liderança;15/09/2021
664;Métodos e Ferramentas para Inovação em Políticas Públicas;Políticas Públicas / Inovação;08/12/2022
767;S2ID - M2 - Usuário Federal - Liberação de Recursos para Ações de Resposta;Gestão Pública;07/03/2022
1090;Ética em IA;Governo e Transformação Digital;01/03/2024
911;Políticas Públicas e Programas para Migrantes;Políticas Públicas / Gestão Pública;09/01/2023
493;Ampliação da Capacidade de Investimentos do Município;Transparência, Controle e Participação / Água e Saneamento;21/12/2021
1060;Boas Práticas para o Licenciamento Municipal de Obras e Construções;Governo e Transformação Digital;01/03/2024
418;Ambientes Digitais de Aprendizagem;Educação e Docência;02/06/2021
813;UX Writing para Transformação Digital;Comunicação / Governo e Transformação Digital;29/11/2022
302;Auditoria e Controle Para Estatais;Transparência, Controle e Participação;18/05/2020
355;Programa de Voluntariado nas Unidades Organizacionais do ICMBio;Meio Ambiente / Políticas Sociais;26/11/2020
523;OKR Aplicado à Transformação Digital;Estratégia e Planejamento / Governo e Transformação Digital;02/05/2023
1234;Trilho 1 - Reconhecendo as bases para a prática do pensamento sistêmico Trilha - Visão sistêmica;Gestão Pública;16/09/2024
540;Voluntariado no ICMBio: Manejo Integrado do Fogo;Direitos Humanos e Cidadania / Meio Ambiente;13/10/2022
856;Fundamentos de Transferências Voluntárias;Transparência, Controle e Participação;12/09/2022
688;Liderando para o Desenvolvimento - Novos Prefeitos;Desenvolvimento Pessoal / Estratégia e Planejamento / Gestão Pública / Liderança;30/06/2022
365;Segurança Química em Laboratórios de Ensino e Pesquisa;Direito e Legislação;14/12/2020
1173;Introdução à Ciência de Dados - Modelos de Regressão;Análise e Ciência de Dados;30/07/2024
1149;Trilho 5 - Aplicando Sanções Administrativas - Trilha - Contratações Públicas: Gestão do Contrato;Logística e Compras Públicas;28/06/2024
1143;Trilho 2 - Fiscalizando Obras - Trilha - Contratações Públicas: Gestão do Contrato;Logística e Compras Públicas;28/06/2024
765;Autoconhecimento e Motivação;Gestão Pública;31/03/2022
615;Acessibilidade na Comunicação;Direitos Humanos e Cidadania / Políticas Públicas;21/11/2021
536;Governança de Dados na Transformação Digital;Análise e Ciência de Dados / Gestão Pública / Governo e Transformação Digital / Inovação;10/05/2022
866;Metodologia de Concepção do Alerta: da teoria à prática;Políticas Públicas / Água e Saneamento;02/09/2022
437;Fundamentos da Gestão da Logística Pública;Água e Saneamento / Logística e Compras Públicas;01/11/2021
1290;Procedimentos da Regularização Fundiária Urbana;Políticas Públicas;13/11/2024
367;Novas Tecnologias para a Transformação Digital;Gestão Pública / Governo e Transformação Digital;01/01/2021
1029;Instrumentos de Desenvolvimento Urbano Sustentável - Prática nas cidades brasileiras;Políticas Públicas / Gestão Pública;01/12/2023
1145;Trilho 4 - Efetuando Alteração Contratual - Trilha - Contratações Públicas: Gestão do Contrato;Logística e Compras Públicas;28/06/2024
141;Formação de Facilitadores de Aprendizagem;Educação e Docência;30/10/2018
945;Novo Regime Fiscal e o Teto de Gastos;Orçamento e Finanças;14/08/2023
1217;Trilho 3 - Integrando comunicação e tecnologias digitais Trilha - Mentalidade Digital;Governo e Transformação Digital;14/10/2024
976;Introdução à Ciência de Dados - Conceitos e Ferramentas;Análise e Ciência de Dados;01/07/2024
864;Proteção e Defesa Civil: Gestão de Desastre - Curso 4;Políticas Públicas / Água e Saneamento;30/08/2022
349;S2ID - M2 - Usuário Municipal - Solicitação de Recursos para Ações de Resposta;Água e Saneamento / Gestão Pública;06/11/2020
1130;Como Trabalhar com Computadores e Dispositivos Móveis;Governo e Transformação Digital;05/04/2024
652;Termo de Execução Descentralizada: Visão Geral e Atos Preparatórios;Gestão Pública / Governo e Transformação Digital / Orçamento e Finanças;07/12/2022
132;Proteção ao Denunciante e Tratamento de Denúncias em Ouvidoria;Ética / Excelência na Entrega de Serviços / Transparência, Controle e Participação / Água e Saneamento;31/07/2018
1141;Trilho 1 - Instruindo o Processo de Contratação - Trilha - Contratações Públicas: Planejamento da Contratação;Logística e Compras Públicas;18/07/2024
369;Segurança em Máquinas e Equipamentos NR12 - Fundamentos Básicos;Governo e Transformação Digital / Direito e Legislação;14/12/2020
1018;Instrumentos de Desenvolvimento Urbano Sustentável - Informações;Políticas Públicas / Gestão Pública / Infraestrutura;16/11/2023
393;A construção dos livros didáticos do PNLD;Educação e Docência;22/03/2021
419;Transformação Digital no Serviço Público;Gestão Pública / Governo e Transformação Digital;23/04/2021
625;População em Situação de Rua e o Modelo Moradia Primeiro (Housing First);Direitos Humanos e Cidadania / Políticas Públicas;26/11/2021
370;Fundamentos da Integridade Pública: Prevenindo a Corrupção;Transparência, Controle e Participação / Água e Saneamento;22/03/2021
639;Transferências Discricionárias da União: Execução;Transferências Voluntárias;31/03/2022
709;S2ID - M3 - Usuário Estadual - Acompanhamento das Obras de Reconstrução;Água e Saneamento / Gestão Pública / Infraestrutura;14/10/2021
206;Pró-Gestão RPPS;Aposentadoria e Previdência / Gestão de Pessoas;18/04/2019
762;Avaliação qualitativa de risco: exposição a agentes químicos;Políticas Públicas / Saúde;06/10/2022
854;Misturas Asfálticas - Conceituação, Materiais e Dosagem;Infraestrutura;07/07/2022
1268;Trilho 5 - Compras eficientes, transparência e gerenciamento de riscos na gestão municipal Trilha - Gestão Municipal: Tudo o que você precisa saber para os primeiros 100 dias de mandato;Gestão Pública;29/10/2024
877;Parcerias Público-Privadas e Concessões;Políticas Públicas / Excelência na Entrega de Serviços / Água e Saneamento / Gestão Pública;28/09/2022
541;Gestão do Voluntariado no ICMBio: Manejo Integrado do Fogo;Direitos Humanos e Cidadania / Meio Ambiente / Gestão de Pessoas;14/10/2022
273;Acessibilidade em espaços urbanos;Direitos Humanos e Cidadania / Gestão Pública;28/10/2020
1279;Trilho 3 - Agindo na crise Trilha - Gestão de Crises;Liderança;07/11/2024
707;Gestión Personal - Base del Liderazgo;Desenvolvimento Pessoal / Gestão de Pessoas / Liderança;15/10/2021
842;GIRD+10: Gestão Integrada de Riscos e Desastres;Água e Saneamento / Estratégia e Planejamento / Gestão Pública;27/06/2022
766;Criatividade e Novas Tecnologias para facilitar o seu dia a dia no trabalho;Governo e Transformação Digital;21/03/2022
1287;Mobilidade Antirracista;Políticas Públicas;12/11/2024
74;Sistema Eletrônico de Informações - SEI! USAR;Transparência, Controle e Participação / Gestão Pública / Governo e Transformação Digital / Gestão da Informação e do Conhecimento;23/08/2016
1266;Trilho 3 - Planejando a gestão municipal com o Plano Plurianual (PPA) e outros instrumentos Trilha - Gestão Municipal: Tudo o que você precisa saber para os primeiros 100 dias de mandato;Gestão Pública;29/10/2024
865;Sistemas de monitoramento e alerta como suporte à gestão local de riscos e desastres;Políticas Públicas / Água e Saneamento;01/09/2022
917;Introdução à Facilitação para Inovação e Transformação Governamental;Inovação;08/11/2023
1193;Competências Socioemocionais aplicadas ao contexto penintenciário;Direitos Humanos e Cidadania / Políticas Sociais / Liderança;18/12/2024
1286;"Trilho 4 - Construindo narrativas de políticas públicas (""policy narratives"") Trilha - Comunicação estratégica";Comunicação / Liderança;05/12/2024
717;Biossegurança em laboratórios de ensino e pesquisa;Políticas Públicas;11/01/2022
236;Segurança do paciente e Qualidade em serviços de saúde;Políticas Públicas / Saúde;31/07/2019
718;Gestão participativa nas cidades;Direitos Humanos e Cidadania / Transparência, Controle e Participação / Gestão Pública;18/02/2022
1038;Caminhos para a Sustentabilidade: ESG e Políticas Públicas;Meio Ambiente / Gestão Pública;24/12/2024
649;Módulo Fundo a Fundo no Transferegov.br;Transferências Voluntárias / Governo e Transformação Digital;28/09/2023
1229;Trilho 1 - Superando o desempenho padrão Trilha - Foco nos resultados para os cidadãos;Excelência na Entrega de Serviços;24/10/2024
308;Princípios de Economia: Macroeconomia;Análise e Ciência de Dados / Água e Saneamento / Economia;05/06/2020
1081;Gestão de Cidades e Contexto da Infraestrutura Urbana;Estratégia e Planejamento / Gestão Pública / Inovação / Infraestrutura;15/03/2024
681;A Previdência Social dos Servidores Públicos: Regime Próprio e Regime de Previdência;Aposentadoria e Previdência;20/12/2021
1025;Educação Patrimonial e Arte;Educação e Docência / Políticas Públicas;07/11/2023
916;Fundamentos de Segurança da Informação na Transformação Digital;Governo e Transformação Digital / Inovação / Gestão da Informação e do Conhecimento;08/03/2023
782;S2ID - M3 - Usuário Federal - Solicitação de Recursos para Obras de Reconstrução;Políticas Públicas / Gestão Pública / Infraestrutura;05/04/2022
1015;Formação e Gestão de Núcleo Comunitário de Proteção e Defesa Civil (Nupdec);Políticas Públicas / Estratégia e Planejamento;19/10/2023
754;S2ID - M2 - Usuário Estadual - Prestação de Contas das Ações de Resposta;Políticas Públicas / Gestão Pública / Infraestrutura;17/01/2022
428;Compliance Anticorrupção em Empresas Estatais;Ética / Transparência, Controle e Participação / Direito e Legislação;30/12/2022
383;Aplicação de Penalidades nos Contratos Administrativos;Água e Saneamento / Gestão Pública / Logística e Compras Públicas;01/02/2021
284;S2ID - M0 - Todos - Acesso ao Sistema;Água e Saneamento / Gestão Pública;28/02/2020
1092;A Evolução das buscas Online;Governo e Transformação Digital;01/03/2024
163;Gestão Pessoal - Base da Liderança;Desenvolvimento Pessoal / Gestão Pública / Liderança;31/01/2019
444;Estratégias de produtividade: clareza, propósito e priorização de tarefas;Desenvolvimento Pessoal / Estratégia e Planejamento / Liderança;02/08/2023
313;Temos que dar aulas remotas... E agora?;Educação e Docência;12/06/2020
500;Governo Aberto: Transparência e Dados Abertos;Transparência, Controle e Participação / Gestão Pública / Governo e Transformação Digital;20/05/2022
907;Atenção individualizada a estudantes e suas famílias;Direitos Humanos e Cidadania / Educação e Docência;13/03/2023
1127;Mobilidade a Pé;Políticas Públicas;24/04/2024
798;Internet do Comportamento (loB) em Serviços Públicos Digitais;Transparência, Controle e Participação / Governo e Transformação Digital / Inovação / Infraestrutura / Gestão da Informação e do Conhecimento;09/11/2023
953;Educação Museal I - Referencial Teórico;Educação e Docência / Gestão da Informação e do Conhecimento;06/07/2023
841;Agenda 2030 para o desenvolvimento sustentável: desafios para a implementação;Políticas Públicas / Meio Ambiente / Água e Saneamento;30/06/2022
853;Formação de Mediadores de Leitura;Direitos Humanos e Cidadania / Educação e Docência / Comunicação;29/01/2024
238;Atividade Correcional - Visão Geral;Transparência, Controle e Participação / Água e Saneamento;05/09/2019
72;Noções Gerais de Direitos Autorais;Direito e Legislação / Gestão da Informação e do Conhecimento;25/03/2014
1262;Gestão de Crises no Setor Público;Estratégia e Planejamento / Gestão Pública / Liderança;25/10/2024
1260;Avaliação de Simulação Energética;Políticas Públicas;18/10/2024
1240;Trilho 2 - Escutar de forma efetiva Trilha - Comunicação;Comunicação;23/10/2024
341;Lei de Responsabilidade Fiscal (LRF) e Novo Regime Fiscal (NRF);Água e Saneamento / Gestão Pública / Orçamento e Finanças;11/09/2020
396;PNLD – Programa Nacional do Livro e do Material Didático;Educação e Docência / Políticas Públicas / Políticas Sociais;20/03/2021
944;Despesas por Função COFOG;Orçamento e Finanças;15/04/2024
937;Uso de dados para a gestão do transporte público coletivo;Análise e Ciência de Dados / Gestão da Informação e do Conhecimento;19/04/2023
1181;Elaboração de Projetos Escolares com Educação Financeira;Educação e Docência;22/07/2024
1289;Diversidade e Inclusão: Uma Introdução;Direitos Humanos e Cidadania;13/11/2024
217;Prevenção à lavagem de dinheiro e ao financiamento do terrorismo;Transparência, Controle e Participação / Gestão Pública;12/03/2019
852;Design Thinking aplicado a Bibliotecas;Excelência na Entrega de Serviços / Estratégia e Planejamento / Inovação;20/11/2023
429;Contabilidade com Foco na Gestão do Orçamento Público;Água e Saneamento / Orçamento e Finanças;15/10/2021
1098;Trilho 3 - Realizando a gestão do planejamento e da estratégia Trilha - Estratégia e Planejamento;Estratégia e Planejamento;03/09/2024
640;Transferegov.br: Cadastro de Entes, Instituições e Usuários;Transferências Voluntárias / Políticas Públicas;20/11/2023
1147;Trilho 2 - Firmando ata de registro de preços - Trilha - Contratações Públicas: Seleção do Fornecedor;Logística e Compras Públicas;28/06/2024
516;Primeira Infância Primeiro no PPA;Estratégia e Planejamento / Orçamento e Finanças;26/05/2021
1295;E-liderazgo: cómo gestionar y liderar equipos en ambientes remotos;Gestão de Pessoas / Liderança;02/12/2024
415;Gestão de Projetos Educacionais;Educação e Docência;25/05/2021
942;Formação de Pregoeiros - Teoria;Logística e Compras Públicas;17/05/2023
366;O papel do DevOps na Transformação Digital dos Serviços Públicos;Gestão Pública / Governo e Transformação Digital;29/12/2020
975;Fundamentos de governança e boas práticas da regulação;Políticas Públicas / Regulação / Água e Saneamento;25/09/2023
919;Licenciamento Ambiental Federal de Infraestruturas de Transportes;Meio Ambiente / Infraestrutura;06/02/2023
1189;O Protagonismo das Mulheres: passos para a atuação política das mulheres em espaços de poder e decisão;Direitos Humanos e Cidadania / Políticas Públicas;30/07/2024
286;S2ID - M1 - Usuário Municipal - Registro e Reconhecimento;Meio Ambiente / Água e Saneamento / Gestão Pública;12/03/2020
1198;Mulheres no Mundo do trabalho;Direitos Humanos e Cidadania;24/12/2024
337;Instructional Design and Technology with Articulate Storyline 360;Educação e Docência;14/09/2020
140;Governo Aberto;Transparência, Controle e Participação / Governo e Transformação Digital;12/11/2018
252;Mundo Conectado – Manual de Sobrevivência;Gestão Pública / Governo e Transformação Digital;04/10/2019
468;Gestão do Tempo e Produtividade;Desenvolvimento Pessoal / Gestão de Pessoas;09/08/2022
345;Monitoramento da biodiversidade: gestão, análise e síntese dos dados;Meio Ambiente / Água e Saneamento / Gestão Pública;13/11/2020
1168;Como conseguir um novo emprego;Desenvolvimento Pessoal;02/08/2024
791;Procedimentos de Protocolo;Gestão da Informação e do Conhecimento;26/04/2022
785;Elaboração do Plano de Contingência para Riscos de Desastres;Meio Ambiente / Água e Saneamento / Gestão Pública;14/04/2022
527;Uso da Lean Inception na Administração Pública;Governo e Transformação Digital / Inovação;13/06/2023
921;Aspectos básicos no enfrentamento ao contrabando de migrantes;Direitos Humanos e Cidadania / Políticas Públicas;12/04/2023
320;Introdução à Audiodescrição;Direitos Humanos e Cidadania / Ética / Comunicação;20/08/2020
115;Básico em Orçamento Público;Orçamento e Finanças;11/04/2017
1171;Trilho 3 - Gerando serviços públicos inclusivos - Trilha - Diversidade e Inclusão;Direitos Humanos e Cidadania;24/07/2024
410;Estudo Técnico Preliminar Avançado para Contratação de Soluções de TIC;Gestão Pública / Governo e Transformação Digital;14/05/2021
244;Tesouro Direto;Governo e Transformação Digital / Orçamento e Finanças / Políticas Sociais;30/08/2019
934;Avaliação de Resultado Regulatório;Regulação / Gestão Pública;25/05/2023
372;Gestão de Conflitos e Negociação;Água e Saneamento / Gestão de Pessoas;24/12/2020
528;Design Sprint em Projetos de Transformação Digital;Governo e Transformação Digital / Inovação;24/12/2021
1227;Trilho 1 - Colaborando e cooperando para metas compartilhadas Trilha - Trabalho em Equipe;Desenvolvimento Pessoal / Gestão de Pessoas;27/09/2024
869;Elaboração de Plano de Contingência para Risco de Desastres de Movimento de Massa - Curso 2;Água e Saneamento / Gestão Pública;31/08/2022
561;Avaliação Ex-Post de Políticas Públicas;Água e Saneamento / Gestão Pública;08/09/2021
658;Termo de Compromisso Cultural: Atos Preparatórios;Transferências Voluntárias / Políticas Públicas;19/12/2023
1213;La evolución de las búsquedas online;Governo e Transformação Digital;29/08/2024
1094;Trilho 2 - Concebendo soluções inovadoras - Trilha - Inovação e Mudança;Inovação / Liderança;29/08/2024
1097;Trilho 2 - Elaborando o planejamento governamental Trilha - Estratégia e Planejamento;Estratégia e Planejamento;03/09/2024
1277;Trilho 1 - Gerindo riscos Trilha - Gestão de Crises;Liderança;07/11/2024
267;Conservação Preventiva para Acervos Museológicos;Gestão Pública / Logística e Compras Públicas;17/02/2020
200;Preparação para Aposentadoria - Caminhos;Aposentadoria e Previdência;28/02/2019
827;Guia de Orientação e Formulários para Inspeções de Segurança de Barragem;Regulação / Água e Saneamento;13/10/2022
871;Introdução à Aplicação do Plano de Contratação Anual;Políticas Públicas / Gestão de Pessoas / Gestão Pública;07/11/2022
783;S2ID - M4 - Todos - Plano de Contingência;Água e Saneamento / Gestão Pública;05/04/2022
633;Unidades de Conservação Federais: serviços de apoio à visitação e autorização de eventos;Meio Ambiente / Água e Saneamento / Gestão Pública;01/07/2022
490;Políticas Públicas de Assistência Social;Políticas Públicas;24/12/2021
902;Escopos de Auditoria Cooperativa;Direitos Humanos e Cidadania;02/02/2023
373;Liderança e Gestão De Equipes;Água e Saneamento / Gestão de Pessoas;15/12/2020
691;Gestão dos recursos da educação básica pública e o Novo Fundeb;Gestão Pública;02/06/2022
773;E-liderança: como gerenciar e liderar equipes em ambientes remotos;Gestão de Pessoas / Liderança;11/11/2022
826;Guia de Orientação e Formulários do Plano de Ação de Emergência (PAE);Regulação / Água e Saneamento;13/10/2022
1116;Trilho 1 - Reconhecendo a construção do racismo no Brasil - Trilha - Fortalecendo Lideranças Negras no Serviço Público;Políticas Públicas;22/03/2024
446;Desenvolvimento de Objetos e Atividades de Aprendizagem;Educação e Docência;10/06/2021
183;Noções Básicas em Previdência Complementar;Aposentadoria e Previdência / Gestão de Pessoas;05/10/2019
787;Gestão de projetos;Estratégia e Planejamento;14/04/2022
1040;Vereança em Ação: Princípios Constitucionais e Práticas Municipais;Políticas Públicas;02/12/2024
209;Normas Internacionais de Auditoria Financeira – NIA;Transparência, Controle e Participação / Gestão Pública;31/01/2020
1126;Desenvolvimento Orientado ao Transporte Sustentável (DOTS);Políticas Públicas;24/04/2024
623;Direito e Atenção à Saúde da Pessoa Idosa;Direitos Humanos e Cidadania / Políticas Públicas;24/11/2021
674;Eventos Virtuais: da Gestão à Execução;Comunicação / Governo e Transformação Digital;23/12/2021
312;Técnicas de Auditoria Interna Governamental;Transparência, Controle e Participação;30/06/2020
496;Gestão estratégica e execução do plano de governo no dia a dia;Estratégia e Planejamento;26/07/2022
1119;Trilho 3 - Desenvolvendo a liderança inclusiva - Trilha - Fortalecendo Lideranças Negras no Serviço Público;Políticas Públicas;22/03/2024
91;Macroeconomia;Análise e Ciência de Dados / Água e Saneamento / Economia;08/10/2010
643;Termo de Compromisso: Execução;Gestão Pública / Orçamento e Finanças;15/06/2022
48;Acesso a Recursos do Saneamento: Mecanismos OGU - NÃO PAC (Transferências Voluntárias) /Curso 3;Políticas Públicas / Meio Ambiente / Água e Saneamento / Orçamento e Finanças / Infraestrutura;30/07/2013
974;Fundamentos da Teoria da Regulação;Políticas Públicas / Regulação / Água e Saneamento;25/09/2023
1256;Segurança da Informação para Todos;Governo e Transformação Digital;29/10/2024
466;Fotografia Institucional;Transparência, Controle e Participação / Comunicação / Gestão da Informação e do Conhecimento;12/05/2022
1265;Trilho 2 - Visualizando caminhos para o futuro do município Trilha - Gestão Municipal: Tudo o que você precisa saber para os primeiros 100 dias de mandato;Gestão Pública;29/10/2024
184;Educação Fiscal - Orçamento e Coesão Social;Direitos Humanos e Cidadania / Gestão Pública / Orçamento e Finanças;31/05/2019
716;Para que serve a análise ergonômica do trabalho;Políticas Públicas;17/01/2022
1238;Trilho 2 - Adotando conduta moral adequada Trilha - Ética e integridade pública;Ética;07/10/2024
626;Emotional Intelligence;Desenvolvimento Pessoal / Gestão de Pessoas / Liderança;15/09/2021
1132;Segurança Cibernética: Controles 7 a 12 do CIS Controls;Governo e Transformação Digital;19/06/2024
1058;A Responsabilização Administrativa na Lei Anticorrupção;Transparência, Controle e Participação;26/01/2024
1257;Introdução à Ciência de Dados - Tratamento de Dados;Análise e Ciência de Dados;24/10/2024
319;Estruturas Organizacionais do Poder Executivo Federal - Siorg;Gestão Pública;30/06/2020
492;Novo marco regulatório do saneamento básico;Políticas Públicas / Água e Saneamento;27/07/2022
771;Mídias para Educação: produção de vídeos e lives com qualidade;Comunicação;27/10/2022
909;Valores Culturais da Natureza;Direitos Humanos e Cidadania / Ética / Políticas Públicas / Meio Ambiente / Direito e Legislação;30/12/2022
241;Para Fazer uma Exposição;Educação e Docência / Comunicação;18/12/2019
1187;Planificación y Organización Personal en el Trabajo;Desenvolvimento Pessoal;12/08/2024
598;ForPDI - Plano de Desenvolvimento institucional IES;Comunicação;24/08/2021
76;Acesso à Informação;Excelência na Entrega de Serviços / Transparência, Controle e Participação / Análise e Ciência de Dados / Água e Saneamento / Gestão Pública / Governo e Transformação Digital;06/06/2017
803;Design de Aplicativos na Transformação Digital;Governo e Transformação Digital / Inovação / Gestão da Informação e do Conhecimento;22/12/2022
894;Regulação de Sistemas de Saúde do SUS;Regulação / Saúde;31/01/2023
906;Desenvolvimento profissional cooperativo na escola;Educação e Docência;30/12/2022
485;Ambiente e Condições para o Desenvolvimento Produtivo Local;Políticas Públicas / Políticas Sociais;23/12/2021
915;Termos de Fomento e de Colaboração: Atos Preparatórios;Gestão Pública / Governo e Transformação Digital / Orçamento e Finanças;13/04/2023
235;MP 881: Liberdade Econômica e Aprovação Tácita;Direito e Legislação / Economia;14/06/2019
343;Planejamento da Contratação de Soluções de TIC;Estratégia e Planejamento / Governo e Transformação Digital;16/10/2020
833;Relatório de Segurança de Barragens: o que é e para que serve;Regulação / Água e Saneamento;28/09/2022
957;Gestão de Equipes Híbridas e Desafios para a Cultura Organizacional;Comunicação / Gestão de Pessoas / Liderança;04/08/2023
491;LGPD: Como coordenar a atuação do município para a governança de dados aplicada;Análise e Ciência de Dados;29/06/2022
1235;Trilho 2 - Identificando os marcos institucionais: inter-relações e impactos Trilha - Visão sistêmica;Gestão Pública;16/09/2024
122;MROSC: Planejamento e Transparência;Políticas Públicas / Regulação / Gestão Pública / Direito e Legislação;07/05/2019
812;Soft Skills na Transformação Digital;Governo e Transformação Digital / Inovação;22/12/2022
317;Ágil no Contexto do Serviço Público;Gestão Pública;07/07/2020
597;Administración de servicios gubernamentales en la nube;Governo e Transformação Digital;13/08/2021
1219;Ética en IA;Governo e Transformação Digital;05/09/2024
1226;Trilho 2 - Resolvendo problemas Trilha - Resolução de problemas com base em dados;Análise e Ciência de Dados;30/09/2024
948;Modelo Lógico aplicado ao PPA 2024-2027;Políticas Públicas / Estratégia e Planejamento / Gestão Pública / Direito e Legislação / Orçamento e Finanças;16/08/2023
858;Elaboração de instrumentos de gestão de documentos arquivísticos relativos às atividades-fim;Gestão da Informação e do Conhecimento;17/08/2022
504;Gestão de Políticas Públicas para Pequenos Negócios;Gestão Pública;14/04/2021
1031;Assembleias Cidadãs: inovação democrática na prática;Transparência, Controle e Participação;19/12/2023
436;Estratégias de Metodologias Ativas;Educação e Docência / Gestão de Pessoas / Liderança;06/06/2022
97;Impactos da Mudança do Clima para a Gestão Municipal;Meio Ambiente / Gestão Pública;08/03/2016
297;MigraCidades: Aprimorando a Governança Migratória Local;Direitos Humanos e Cidadania / Gestão Pública / Políticas Sociais;04/06/2020
254;Sustentabilidade na Administração Pública;Meio Ambiente / Água e Saneamento / Logística e Compras Públicas;05/10/2019
1177;Inteligencia artificial generativa - ESPAÑOL;Governo e Transformação Digital;13/08/2024
886;Suborno Transnacional;Transparência, Controle e Participação;06/01/2023
849;Economia criativa, empreendedorismo e inovação;Inovação / Políticas Sociais;05/08/2024
772;Comunicação Pública e Gestão de Relacionamento com Cidadão;Comunicação;16/11/2022
1278;Trilho 2 - Construindo soluções e negociações Trilha - Gestão de Crises;Liderança;07/11/2024
114;Introdução à Economia do Setor Público;Economia;29/08/2017
201;Censo Cadastral Previdenciário;Aposentadoria e Previdência / Gestão de Pessoas;31/08/2019
662;Modelo de Governança e Gestão – Gestaopublicagov.br: Visão Geral e Sistema;Gestão Pública;13/08/2024
1067;Gestão da Mobilidade;Políticas Públicas;24/04/2024
821;Comissões Processantes;Transparência, Controle e Participação;09/06/2022
825;Gestão, Operação e Manutenção de Perímetros Irrigados;Regulação / Água e Saneamento;23/09/2022
720;Desenvolvimento humano no século XXI;Políticas Públicas / Água e Saneamento;28/12/2021
604;Elaboração de Indicadores de Desempenho Institucional;Estratégia e Planejamento;01/10/2021
609;Contratações de Encomendas Tecnológicas;Logística e Compras Públicas;10/09/2021
1077;Prestação de contas, transparência e controle social no âmbito do FNDE;Gestão Pública;19/01/2024
954;Educação Museal II - Histórico e Práticas;Educação e Docência / Gestão da Informação e do Conhecimento;06/07/2023
509;Cadastro de informações sobre serviços no Portal Gov.br;Gestão Pública / Governo e Transformação Digital;18/06/2021
952;Termos de Fomento e de Colaboração: Prestação de Contas;Gestão Pública / Governo e Transformação Digital / Orçamento e Finanças;27/06/2023
1129;Mobilidade por Bicicleta;Políticas Públicas;24/04/2024
266;Inventário Participativo;Gestão Pública / Logística e Compras Públicas;22/04/2020
531;Elaboração e monitoramento do PDTIC;Estratégia e Planejamento / Governo e Transformação Digital / Gestão da Informação e do Conhecimento;02/08/2022
339;Introdução ao Federalismo Fiscal no Brasil;Gestão Pública / Orçamento e Finanças;25/09/2020
1009;Educación Museística: Marco Teórico, Conceptos e Investigación;Educação e Docência / Gestão da Informação e do Conhecimento;02/10/2023
863;Qualificação em Dimensionamento da Força de Trabalho;Gestão de Pessoas / Gestão Pública / Inovação;18/11/2022
1056;Hidrologia Básica;Meio Ambiente / Água e Saneamento / Estratégia e Planejamento;02/04/2024
231;Demonstrativo de Informações Previdenciárias e Repasses (DIPR) e Parcelamento de débitos previdenciários dos RPPS;Gestão de Pessoas / Orçamento e Finanças;29/06/2019
941;Elaboração de termos de referência para contratação de bens e serviços na Nova Lei de Licitações;Logística e Compras Públicas;01/06/2023
448;Design Thinking Aplicado à Educação;Educação e Docência / Governo e Transformação Digital;24/05/2021
1070;Previdência Regime Geral;Aposentadoria e Previdência / Políticas Sociais;29/12/2023
116;Introdução ao Orçamento Público;Orçamento e Finanças;12/09/2017
283;Tesouro Gerencial;Gestão Pública / Orçamento e Finanças;28/02/2020
1195;Equidade nas políticas públicas e o atendimento à população em situação de rua;Direitos Humanos e Cidadania / Ética;15/10/2024
268;Acessibilidade em Museus;Direitos Humanos e Cidadania / Ética / Excelência na Entrega de Serviços / Gestão Pública;17/01/2020
784;Resiliência Climática na Infraestrutura de Transportes;Infraestrutura;20/04/2022
958;Sistema de Gerenciamento dos Imóveis de Uso Especial da União - SPIUnet;Gestão Pública;08/08/2023
130;Direitos Humanos: Uma Declaração Universal;Direitos Humanos e Cidadania / Transparência, Controle e Participação;25/06/2018
276;Abertura de empresas: como redesenhar e simplificar processos;Inovação;31/01/2020
1027;Implementação do Novo Marco Regulatório do Saneamento Básico - Introdução;Regulação / Água e Saneamento;07/11/2023
855;Noções Básicas de Gerenciamento em Serviços Arquivísticos;Gestão da Informação e do Conhecimento;20/07/2022
534;Internet das coisas (IoT) aplicada para resolução de desafios;Gestão Pública / Governo e Transformação Digital;12/04/2022
1214;O Desenvolvimento na Primeira Infância;Direitos Humanos e Cidadania / Ética / Educação e Docência;24/09/2024
508;Materiais Didáticos do PNLD para o Novo Ensino Médio;Educação e Docência / Políticas Sociais;20/05/2021
799;Arquitetura de Soluções para Transformação Digital;Políticas Públicas / Governo e Transformação Digital;19/12/2022
712;Contratos administrativos - Pagamento pelo fato gerador;Água e Saneamento / Logística e Compras Públicas;10/02/2022
763;S2ID - M2 - Usuário Municipal - Prestação de Contas das Ações de Resposta;Gestão Pública;07/02/2022
678;Consórcios Públicos Intermunicipais;Água e Saneamento / Gestão Pública;25/12/2021
1089;Saúde mental, atenção psicossocial e interculturalidade nas migrações;Saúde;01/03/2024
335;Active Methodologies;Educação e Docência;21/09/2020
1156;Otimização de trabalho com o Microsoft 365;Governo e Transformação Digital;03/06/2024
925;Licitação por concorrência, concurso, leilão e diálogo competitivo;Excelência na Entrega de Serviços / Logística e Compras Públicas;20/04/2023
392;Processo Legislativo Orçamentário - Orçamento Impositivo;Gestão Pública / Orçamento e Finanças;02/04/2021
513;Compliance Concorrencial;Transparência, Controle e Participação / Água e Saneamento;24/05/2021
1093;Como ser mais Produtivo usando o Bing Chat;Governo e Transformação Digital;01/03/2024
333;Empresas e Direitos Humanos;Direitos Humanos e Cidadania / Ética / Gestão Pública;17/08/2020
832;Políticas e Práticas de Segurança de Barragens para Entidades Fiscalizadoras;Água e Saneamento;15/09/2022
278;Controles na Administração Pública;Transparência, Controle e Participação / Água e Saneamento / Gestão Pública;28/02/2020
234;Inovação Social para o Aperfeiçoamento de Políticas Públicas;Políticas Públicas / Água e Saneamento / Gestão Pública;07/06/2019
377;Inteligência Artificial no Contexto do Serviço Público;Gestão Pública / Governo e Transformação Digital;24/12/2020
338;Learning with Python;Análise e Ciência de Dados / Governo e Transformação Digital;21/09/2020
412;Análise de Atos de Concentração Horizontal;Transparência, Controle e Participação;17/05/2021
844;Produção de Vídeos: uma introdução;Educação e Docência / Comunicação / Inovação;17/11/2022
486;Nova lei de licitações: Visão Geral;Água e Saneamento / Gestão Pública / Direito e Legislação / Logística e Compras Públicas;27/07/2022
722;Elaboração de políticas, programas e projetos para o desenvolvimento humano e sustentável;Políticas Públicas / Água e Saneamento;28/12/2021
775;Assinatura Digital;Comunicação / Gestão da Informação e do Conhecimento;02/06/2022
680;Gerenciamento de Projetos na Prática;Estratégia e Planejamento;07/12/2021
92;Microeconomia;Análise e Ciência de Dados / Água e Saneamento / Economia;05/11/2010
362;SCDP - Aprovação e Pagamento;Gestão Pública / Logística e Compras Públicas;13/11/2020
1165;Introdução à Ciência de Dados - Modelos de Classificação;Análise e Ciência de Dados;12/07/2024
764;Análise de dados: uma leitura crítica das informações;Análise e Ciência de Dados;04/04/2022
599;ForRisco - Gestão de Riscos para IES;Transparência, Controle e Participação / Governo e Transformação Digital / Inovação;24/08/2021
796;BIM - Projetos, Planejamento, Orçamentos e Contratos de Construção;Inovação;16/12/2022
834;Água e Gênero;Direitos Humanos e Cidadania / Água e Saneamento;15/09/2022
329;MROSC: Prestação de Contas;Direito e Legislação / Políticas Sociais;31/07/2020
795;Arquivos Permanentes: recolhimento, processamento técnico, preservação e acesso;Gestão Pública / Gestão da Informação e do Conhecimento;21/06/2022
243;Geoinformação na SPU – conceitos, fundamentos e tecnologias;Governo e Transformação Digital / Gestão da Informação e do Conhecimento;08/06/2020
1013;Serviços no Portal Gov.br: Conceitos e Gestão de Cadastros;Governo e Transformação Digital;07/11/2023
816;Introdução à Auditoria de Obras Públicas;Água e Saneamento / Infraestrutura;28/04/2022
843;Entendendo a Gamificação;Educação e Docência / Comunicação / Gestão de Pessoas / Inovação;04/11/2022
845;Gestão Compartilhada no Projeto Orla;Políticas Públicas;05/07/2022
800;Big Data em Apoio à Tomada de Decisão;Análise e Ciência de Dados / Inovação;02/08/2023
489;Cidades Inteligentes;Políticas Públicas / Água e Saneamento / Inovação;28/07/2022
346;Mudança do Clima e Gestão de Risco Climático: Conceitos Fundamentais;Direitos Humanos e Cidadania / Gestão Pública;16/10/2020
326;Princípios do Design Thinking e Inovação em Governo;Gestão Pública / Inovação;31/07/2020
506;Uso do Design em Políticas Públicas;Gestão Pública / Governo e Transformação Digital / Inovação;06/05/2021
1263;Governo Data-Driven: transformação orientada por dados em governos;Governo e Transformação Digital;17/10/2024
119;Gestão em Ouvidoria;Excelência na Entrega de Serviços / Transparência, Controle e Participação / Gestão da Informação e do Conhecimento;09/05/2017
86;Siape Folha;Gestão de Pessoas / Gestão Pública;30/05/2017
668;Auditoria de Gestão Documental: prepare-se para ser auditado;Transparência, Controle e Participação / Análise e Ciência de Dados / Água e Saneamento / Gestão da Informação e do Conhecimento;03/08/2022
698;Creatividad y Nuevas Tecnologías en el Servicio Público;Governo e Transformação Digital;19/10/2021
1184;PDCA Aplicado à Educação Básica;Educação e Docência / Gestão Pública;23/07/2024
299;A Liderança Pública em Tempos de Crise;Água e Saneamento / Gestão Pública / Liderança;17/04/2020
261;Equilíbrio Fiscal;Água e Saneamento / Gestão Pública / Economia;01/11/2019
142;Análise Ex Ante de Políticas Públicas;Regulação / Água e Saneamento / Gestão Pública;14/12/2018
910;Previdência Complementar para Servidores Públicos;Políticas Públicas / Aposentadoria e Previdência / Direito e Legislação;30/12/2022
287;Boas Práticas de Manipulação em Serviços de Alimentação;Políticas Públicas;12/03/2020
1011;Princípios de Regulação técnica;Políticas Públicas / Regulação / Água e Saneamento;25/09/2023
542;Creativity and new Technologies at the Work Environment;Gestão de Pessoas / Governo e Transformação Digital;17/06/2021
484;Prestação de contas e qualidade da gestão fiscal do município;Água e Saneamento / Gestão Pública / Orçamento e Finanças / Economia;28/07/2022
1186;Introdução à Política de Saúde;Políticas Públicas;19/07/2024
407;Análise de Condutas Unilaterais Restritivas à Concorrência;Transparência, Controle e Participação / Água e Saneamento / Direito e Legislação;17/05/2021
972;Educação Patrimonial e Inventários Participativos;Educação e Docência / Políticas Públicas;31/10/2023
905;Avaliação Socioeconômica de Projetos de Infraestrutura;Estratégia e Planejamento / Infraestrutura / Economia;30/12/2022
913;Conceitos Básicos de Hidrologia e Drenagem para Projetos Rodoviários;Infraestrutura;12/01/2023
118;Federalismo e Federalismo Fiscal no Brasil;Gestão Pública / Orçamento e Finanças;28/11/2017
227;Gestão de Consultas e Normas GESCON - RPPS;Aposentadoria e Previdência / Gestão de Pessoas;29/04/2019
1166;Introdução à Ciência de Dados - Conjuntos Frequentes;Análise e Ciência de Dados;16/07/2024
1017;Instrumentos de Desenvolvimento Urbano Sustentável - Introdução;Políticas Públicas / Gestão Pública / Infraestrutura;16/11/2023
951;Marco Legal das Startups - Contratando Inovação no Setor Público;Gestão Pública / Governo e Transformação Digital / Inovação;17/07/2023
606;Avaliação em Processos de Aprendizagem e Modelos de Feedback;Educação e Docência;19/10/2021
47;Acesso a Recursos do Saneamento: Mecanismos OGU-PAC (Transferências Obrigatórias)/Curso 2;Políticas Públicas / Meio Ambiente / Água e Saneamento / Orçamento e Finanças / Infraestrutura;30/07/2013
940;Fiscalização de projetos e obras de engenharia;Excelência na Entrega de Serviços / Logística e Compras Públicas / Infraestrutura;19/05/2023
641;Transferências Discricionárias da União: Prestação de Contas;Transferências Voluntárias;24/12/2021
781;S2ID - M3 - Usuário Federal - Liberação de Recursos para Obras de Reconstrução;Gestão Pública;31/03/2022
467;Criatividade e Inovação Aplicada ao Serviço Público;Gestão Pública / Inovação;09/08/2022
638;Transferências Discricionárias da União: Atos Preparatórios;Políticas Públicas / Orçamento e Finanças;25/12/2021
323;Direito e Novas Tecnologias;Gestão Pública / Inovação;31/07/2020
933;Boas práticas para a modernização dos Códigos de Obras e Edificações;Políticas Públicas / Gestão Pública / Inovação;03/05/2023
480;Contabilidade pública e conformidade na gestão;Orçamento e Finanças;31/12/2021
502;Políticas Públicas de Educação;Políticas Públicas;16/01/2022
801;Criação de Indicadores de Desempenho para a Transformação Digital;Análise e Ciência de Dados / Estratégia e Planejamento / Governo e Transformação Digital;01/03/2023
752;S2ID - M2 - Usuário Federal - Execução das Ações de Resposta;Meio Ambiente / Gestão Pública / Infraestrutura;18/01/2022
552;Personal Management - Basis of Leadership;Desenvolvimento Pessoal / Gestão de Pessoas / Liderança;28/08/2021
1096;Trilho 4 - Gerindo a mudança - Trilha - Inovação e Mudança;Inovação;29/08/2024
1211;Introdução à Ciência de Dados - Estatística Essencial;Análise e Ciência de Dados;06/08/2024
1128;Transporte Público;Políticas Públicas;24/04/2024
631;Economia do Desenvolvimento Comportamental em Políticas Públicas;Educação e Docência;28/09/2021
829;Introdução ao Manejo da Irrigação: como, quando e quanto irrigar;Regulação / Água e Saneamento;28/09/2022
1247;Cadastro Territorial Multifinalitário;Políticas Públicas;08/10/2024
427;Celebração de Parcerias no Setor Público;Políticas Públicas / Estratégia e Planejamento / Gestão Pública;23/01/2023
809;Gerenciamento de Portfólio de Projetos de Transformação Digital;Governo e Transformação Digital / Inovação;05/04/2023
918;Docência Plural - Formação em Interculturalidade e Bilinguismo;Direitos Humanos e Cidadania / Educação e Docência / Políticas Públicas;04/04/2023
242;Fiscalização na Gestão do Patrimônio da União;Políticas Públicas / Gestão Pública;01/11/2019
93;Matemática Financeira;Análise e Ciência de Dados / Água e Saneamento / Orçamento e Finanças;08/02/2011
634;Conhecendo o Programa de Voluntariado do ICMBio;Meio Ambiente;06/03/2025
679;Introdução à Gestão de Processos;Estratégia e Planejamento / Gestão Pública / Governo e Transformação Digital;20/03/2022
501;PLATAFORMA +BRASIL - oportunidades de acesso aos recursos federais;Políticas Públicas / Transparência, Controle e Participação;11/01/2022
274;Acessibilidade em espaços edificados de uso público;Direitos Humanos e Cidadania / Ética / Gestão Pública;14/08/2020
368;Avaliação da qualidade de serviços como base para gestão e melhoria de serviços públicos;Água e Saneamento / Gestão Pública / Governo e Transformação Digital;02/12/2020
281;Estruturas de Gestão Pública;Água e Saneamento / Gestão Pública;28/02/2020
1088;A História da IA;Governo e Transformação Digital;29/02/2024
258;Planejamento Governamental;Estratégia e Planejamento / Gestão Pública;24/10/2019
1118;Trilho 2 - Realizando a gestão com equidade racial - Trilha - Fortalecendo Lideranças Negras no Serviço Público;Políticas Públicas;22/03/2024
802;Visualização de Dados Aplicada à Transformação Digital;Análise e Ciência de Dados / Estratégia e Planejamento / Governo e Transformação Digital;21/12/2022
1327;Fundamentos do Programa de Gestão e Desempenho (PGD);Excelência na Entrega de Serviços / Estratégia e Planejamento;30/12/2024
1314;Registro da Regularização Fundiária Urbana;Políticas Públicas;17/12/2024
1283;Trilho 1 - Desenvolvendo e expressando conceitos e ideias Trilha - Comunicação estratégica;Comunicação / Liderança;05/12/2024
1044;Introdução ao Processo Legislativo Municipal;Direito e Legislação;24/12/2024
1292;Trilho 1 - Empregando o autoconhecimento Trilha - Auto conhecimento e desenvolvimento pessoal;Desenvolvimento Pessoal / Liderança;17/12/2024
1299;Trilho 3 - Adotando práticas e estratégias social e ambientalmente responsáveis Trilha - Visão de Futuro;Gestão Pública / Liderança;17/12/2024
1169;Trilho 1 - Reconhecendo e valorizando a diversidade - Trilha - Diversidade e Inclusão;Direitos Humanos e Cidadania;23/07/2024
379;Governança de TIC no contexto da transformação digital;Gestão Pública / Governo e Transformação Digital;24/02/2021
790;Reuniões produtivas;Estratégia e Planejamento / Gestão Pública;26/04/2022
677;Type I Environmental Labeling course: Sustainability and Competitiveness for Brazilian Products and Services;Regulação;20/10/2021
359;Sistema de Autorização e Informação em Biodiversidade (Sisbio) - Curso básico para pesquisadores;Meio Ambiente / Gestão Pública;13/11/2020
503;Políticas Públicas de Saúde;Políticas Públicas;11/01/2022
1024;Cerrado: eixo pedagógico e patrimônio;Educação e Docência;01/12/2023
1259;Introdução à Regularização Fundiária Urbana;Políticas Públicas;17/10/2024
1172;Introdução à Ciência de Dados - Descoberta de Tópicos em Texto;Análise e Ciência de Dados;13/08/2024
389;S2ID - M2 - Usuário Estadual - Solicitação de Recursos para Ações de Resposta;Gestão Pública;26/02/2021
963;Captação de Recursos para Museus;Políticas Públicas;17/06/2024
431;Elaboração de Editais para Aquisições no Setor Público;Transparência, Controle e Participação / Água e Saneamento;23/12/2021
512;Atuação Gerencial das Ouvidorias para Melhoria da Gestão Pública;Transparência, Controle e Participação / Água e Saneamento;11/06/2021
1140;Planning and Personal Organization in the Workplace;Desenvolvimento Pessoal;15/08/2024
408;A importância do PNLD;Educação e Docência;09/04/2021
768;Era Digital, Planejamento Estratégico e Inovação na Gestão Pública;Excelência na Entrega de Serviços / Estratégia e Planejamento;20/06/2022
96;Estatística;Análise e Ciência de Dados / Água e Saneamento / Governo e Transformação Digital;08/10/2013
1139;Colaboração com o Microsoft 365;Governo e Transformação Digital;29/04/2024
811;Metodologia Cost Model aplicada à Administração Pública;Gestão Pública / Governo e Transformação Digital / Economia;08/12/2022
123;Siape Cadastro;Gestão de Pessoas / Gestão Pública / Gestão da Informação e do Conhecimento;06/09/2018
884;Participação e Controle Social na Execução de Penas;Direitos Humanos e Cidadania / Ética / Transparência, Controle e Participação;17/09/2024
878;Produção e edição de vídeo pelo celular;Educação e Docência / Comunicação;06/10/2022
237;Plano Museológico: Planejamento estratégico para museus;Direitos Humanos e Cidadania / Ética / Gestão Pública;01/08/2019
382;Proteção Socioassistencial a Migrantes em Situação de Vulnerabilidade ou Violação a Direitos;Direitos Humanos e Cidadania / Gestão Pública / Políticas Sociais;04/02/2021
257;Gestão Orçamentária e Financeira;Água e Saneamento / Gestão Pública / Orçamento e Finanças;14/10/2019
1261;Introdução ao Planejamento de Auditoria Baseado em Riscos;Transparência, Controle e Participação;21/10/2024
955;Direitos dos Imigrantes e Orientações para o Atendimento;Direitos Humanos e Cidadania;19/06/2023
959;Comunicação para Reguladores - GR6;Regulação / Comunicação / Água e Saneamento;22/12/2023
1086;Trilho 1 - Questionando o convencional - Trilha - Inovação e Mudança;Inovação / Liderança;29/08/2024
1305;Fundamentos da Visão Computacional - IA do Azure;Governo e Transformação Digital;23/12/2024
1303;Trilho 4 - Desenvolvendo Pessoas Trilha - Engajamento de Pessoas e Equipes;Liderança;18/12/2024
1304;Visão Geral da IA no Azure;Governo e Transformação Digital;23/12/2024
1302;Trilho 3 - Associando alto desempenho e bem-estar Trilha - Engajamento de Pessoas e Equipes;Liderança;18/12/2024
1284;Trilho 2 - Comunicando propósitos, planos e estratégias Trilha - Comunicação estratégica;Comunicação / Liderança;05/12/2024
1274;Excel Avançado;Análise e Ciência de Dados;11/12/2024
1275;Excel Intermediário;Análise e Ciência de Dados;13/12/2024
1075;Evidências para decisões em Políticas Públicas;Políticas Públicas / Gestão Pública / Gestão da Informação e do Conhecimento;12/12/2024
1297;Trilho 1 - Analisando cenários atuais e futuros Trilha - Visão de Futuro;Gestão Pública / Liderança;17/12/2024
1281;Trilho 1 - Tomando decisões estratégicas Trilha - Gestão para Resultados;Gestão Pública / Liderança;12/12/2024
1282;Trilho 2 - Orientação para resultados Trilha - Gestão para Resultados;Gestão Pública / Liderança;12/12/2024
1298;Trilho 2 - Traçando diretrizes estratégicas Trilha - Visão de futuro;Gestão Pública / Liderança;17/12/2024
1293;Trilho 2 - Comprometendo-se com o desenvolvimento pessoa Trilha - Autoconhecimento e desenvolvimento pessoal;Desenvolvimento Pessoal / Liderança;17/12/2024
1301;Trilho 2 - Liderando equipes Trilha - Engajamento de Pessoas e Equipes;Liderança;18/12/2024
1294;Trilho 3 - Construindo a identidade de líder Trilha - Autoconhecimento e desenvolvimento pessoal;Desenvolvimento Pessoal / Liderança;17/12/2024
524;Abordagem Lean aplicada à Transformação Digital na Administração Pública;Governo e Transformação Digital;20/04/2022
1270;Trilho 1 - Coordenando interesses Trilha - Coordenação e Colaboração em Rede;Gestão Pública;18/11/2024
1114;Conselho da Comunidade e Controle Social - Formação de Conselheiros;Transparência, Controle e Participação;20/03/2024
395;Scrum no Contexto do Serviço Público;Gestão de Pessoas / Gestão Pública;02/04/2021
311;Princípios de Economia: Microeconomia;Análise e Ciência de Dados / Água e Saneamento / Economia;05/06/2020
1215;Trilho 1 - Aplicando tecnologias digitais na geração de produtos e serviços Trilha - Mentalidade Digital;Governo e Transformação Digital;14/10/2024
1216;Trilho 2 - Integrando processo de gestão e tecnologias digitais Trilha - Mentalidade Digital;Governo e Transformação Digital;14/10/2024
1026;Educação Patrimonial e Educação Museal: Relações e Interconexões possíveis;Educação e Docência;01/12/2023
778;S2ID - M3 - Usuário Federal - Acompanhamento das Obras de Reconstrução;Gestão Pública;04/04/2022
946;Business Intelligence no Sistema Integrado de Planejamento e Orçamento - Siop BI;Estratégia e Planejamento / Gestão Pública / Governo e Transformação Digital;07/05/2024
1225;Trilho 1 - Analisando dados e evidências Trilha - Resolução de problemas com base em dados;Análise e Ciência de Dados;30/09/2024
1233;Introdução à Avaliação Econômica de EE das Energias Renováveis;Infraestrutura;24/09/2024
1185;Padronização dos Procedimentos de Contratação;Logística e Compras Públicas;03/09/2024
406;Análise de dados como suporte à tomada de decisão;Análise e Ciência de Dados;21/05/2021
1144;Trilho 3 - Fiscalizando Contratações de Tecnologia da Informação - Trilha - Contratações Públicas: Gestão do Contrato;Logística e Compras Públicas;28/06/2024
673;Segurança e Saúde do Trabalho no Contexto do Teletrabalho;Saúde;24/12/2021
973;Educação Patrimonial e Patrimônio Imaterial;Educação e Docência / Políticas Públicas;02/11/2023
1069;Planejamento e Orçamento: Primeira Infância;Estratégia e Planejamento;25/06/2024
247;Portal Gov.Br;Direitos Humanos e Cidadania / Excelência na Entrega de Serviços / Comunicação / Governo e Transformação Digital;23/10/2019
1291;Instrumentos de Regularização Fundiária Urbana;Políticas Públicas;22/11/2024
1041;Atuação do Encarregado na LGPD: A Função de Orientar;Gestão Pública / Governo e Transformação Digital;25/11/2024
447;Design Instrucional para Nativos e Imigrantes Digitais;Educação e Docência / Gestão Pública;07/06/2021
441;Nova Lei de Licitações: Sanções ao fornecedor;Água e Saneamento / Logística e Compras Públicas;19/01/2022
1163;Gestão e Implementação de Políticas Públicas e de Organismos de Políticas para Mulheres;Direitos Humanos e Cidadania / Políticas Públicas;11/06/2024
219;eSocial para Órgãos Públicos - RPPS;Aposentadoria e Previdência / Gestão de Pessoas;29/03/2019
757;BIM - Fluxos de Trabalho;Inovação;20/04/2022
153;Introdução à Lei Brasileira de Proteção de Dados Pessoais;Gestão Pública / Gestão da Informação e do Conhecimento;08/02/2019
1269;Trilho 6 - Apoiando a implementação das políticas públicas no município Trilha - Gestão Municipal: Tudo o que você precisa saber para os primeiros 100 dias de mandato;Gestão Pública;29/10/2024
129;Educação em Direitos Humanos;Direitos Humanos e Cidadania / Transparência, Controle e Participação;25/06/2018
642;Termo de Compromisso: Atos Preparatórios;Gestão Pública / Direito e Legislação;28/04/2022
533;Blockchain aplicada a resolução de problemas na Administração Pública;Gestão Pública / Governo e Transformação Digital;07/07/2022
920;Escuta qualificada para vulneráveis ao tráfico de pessoas;Direito e Legislação / Políticas Sociais;12/04/2023
1249;Trilho 1 - Conhecendo a legislação de proteção de dados pessoais Trilha - Privacidade e Segurança da Informação;Governo e Transformação Digital;16/10/2024
1264;Trilho 1 - Preparando a transição e os primeiros 100 dias de governo no município Trilha - Gestão Municipal: Tudo o que você precisa saber para os primeiros 100 dias de mandato;Gestão Pública;29/10/2024
1232;Cómo ser más productivo usando Copilot;Governo e Transformação Digital;31/10/2024
1252;Trilho 4 - Criando uma estrutura básica em segurança da informação Trilha - Privacidade e Segurança da Informação;Governo e Transformação Digital;16/10/2024
810;Desvendando a Inteligência Artificial na Administração Pública;Governo e Transformação Digital;16/10/2024
1218;Jornada Regional: conectando vidas e desenvolvimento;Políticas Públicas;29/08/2024
1248;Desenvolvimento Regional: conhecendo a história e construindo o futuro;Políticas Públicas;08/10/2024
1014;Modelo de Cinco Dimensões Aplicado a Projetos de Investimento;Gestão de Pessoas / Estratégia e Planejamento / Infraestrutura;30/09/2024
1253;Trilho 5 - Protegendo os ativos institucionais e o ambiente tecnológico da organização Trilha - Privacidade e Segurança da Informação;Governo e Transformação Digital;16/10/2024
1150;Trilho 6 - Encerrando Contratações - Trilha - Contratações Públicas: Gestão do Contrato;Logística e Compras Públicas;28/06/2024
1243;Trilho 2 - Envolvendo a sociedade no processo de formulação e implementação de políticas públicas Trilha - Geração de Valor para o Usuário;Excelência na Entrega de Serviços;07/11/2024
1250;Trilho 2 - Atuando na governança e na aplicação de medidas de proteção de dados pessoais Trilha - Privacidade e Segurança da Informação;Governo e Transformação Digital;16/10/2024
805;Employee Experience (EX): Engajamento e Produtividade no Setor Público;Políticas Públicas / Desenvolvimento Pessoal / Governo e Transformação Digital;31/01/2023
1151;Trilho 4 - Utilizando os instrumentos auxiliares das licitações - Trilha - Contratações Públicas: Seleção do Fornecedor;Logística e Compras Públicas;28/06/2024
1242;Trilho 1 - Identificando as necessidades e expectativas dos usuários Trilha - Geração de Valor para o Usuário;Excelência na Entrega de Serviços;07/11/2024
430;Contratações Públicas Sustentáveis;Água e Saneamento / Estratégia e Planejamento;23/09/2021
879;Aquisições de TI - Da origem da demanda ao resultado;Governo e Transformação Digital / Logística e Compras Públicas;06/10/2022
935;Governo Integrado: Como Construí-lo?;Excelência na Entrega de Serviços / Governo e Transformação Digital / Inovação;12/06/2023
1300;Trilho 1 - Conduzindo pessoas Trilha - Engajamento de Pessoas e Equipes;Liderança;18/12/2024
1191;O conceito contemporâneo da deficiência e o modelo biopsicossocial;Direitos Humanos e Cidadania;19/12/2024
1285;Trilho 3 - Estabelecendo uma comunicação empática, persuasiva, influente e que inspire confiança Trilha - Comunicação estratégica;Comunicação / Liderança;05/12/2024
360;Elaboração Legislativa no Executivo: Legística, Governança e Avaliação;Gestão Pública;05/11/2020
931;Controle em 5 Dimensões;Gestão Pública;28/03/2023
481;Preparando-se para Execução da Gestão Municipal;Políticas Públicas / Água e Saneamento;23/12/2021
1326;E-leadership: how to manage and lead teams in virtual environments;Gestão de Pessoas / Liderança;19/12/2024
819;Admissibilidade Correcional;Transparência, Controle e Participação;07/06/2022
1052;SEI! USAR 4.0;Excelência na Entrega de Serviços / Gestão da Informação e do Conhecimento;29/05/2024
660;Termo de Compromisso Cultural: Prestação de Contas;Transferências Voluntárias;24/12/2024
924;Inclusão de gênero na ponta da língua;Direitos Humanos e Cidadania / Desenvolvimento Pessoal / Comunicação;06/03/2023
1273;Trilho 3 - Construindo parcerias Trilha - Coordenação e Colaboração em Rede;Gestão Pública;18/11/2024
900;Atuação do Conselho Fiscal em Cooperativas de Crédito;Economia;05/01/2023
494;Ampliação das Receitas Municipais;Água e Saneamento / Orçamento e Finanças;21/12/2021
753;S2ID - M2 - Usuário Federal - Solicitação de Recursos para Ações de Resposta;Gestão Pública;17/01/2022
851;Como institucionalizar e implementar um Sistema de Cultura local;Políticas Públicas / Transparência, Controle e Participação / Gestão Pública;05/09/2024
1236;Trilho 3 - Reconhecendo cenários, tendências e suas consequências Trilha - Visão sistêmica;Gestão Pública;16/09/2024
1251;Trilho 3 - Detalhando as atribuições do encarregado pelo tratamento de dados pessoais Trilha - Privacidade e Segurança da Informação;Governo e Transformação Digital;16/10/2024
306;Proteção a Direitos Humanos: Prevenção e Proibição da Tortura;Direitos Humanos e Cidadania;31/07/2020
547;Agile in the context of the Public Sector;Gestão Pública;27/08/2021
1152;Trilho 5 - Concedendo suprimentos de fundos - Trilha - Contratações Públicas: Seleção do Fornecedor;Logística e Compras Públicas;28/06/2024
1023;Instrumentos de Desenvolvimento Urbano Sustentável - Financiamento;Políticas Públicas / Gestão Pública / Infraestrutura;21/11/2023
301;Teletrabalho e Educação a Distância;Educação e Docência / Gestão Pública;06/05/2020
1142;Trilho 1 - Fiscalizando Contratações - Trilha - Contratações Públicas: Gestão do Contrato;Logística e Compras Públicas;28/06/2024
325;Análise de Dados em Linguagem R;Análise e Ciência de Dados;17/08/2020
1333;Informação de Documentos e Mineração de Conhecimentos;Governo e Transformação Digital;24/02/2025
651;Convênios de Educação, Ciência, Tecnologia e Inovação - ECTI: Execução;Transferências Voluntárias / Políticas Públicas;24/02/2025
1046;Fiscalização e Controle da Administração Pública Municipal;Transparência, Controle e Participação;11/02/2025
1347;Comunicação Assertiva: Oratória, Retórica e Técnicas de Apresentação;Desenvolvimento Pessoal / Comunicação;25/02/2025
850;Entenda a Política Nacional de Cultura Viva e sua aplicabilidade na Diversidade Cultural Brasileira;Políticas Públicas / Gestão Pública;26/02/2025
1344;Elaboração de Planos de Entrega e de Trabalho do PGD;Gestão de Pessoas / Estratégia e Planejamento;25/02/2025
1345;Conceitos Básicos de Finanças e Contabilidade para Empresas Estatais;Liderança;27/02/2025
1158;A Primeira Infância nas Cidades;Meio Ambiente / Gestão Pública / Infraestrutura;04/02/2025
1045;Orçamento e Finanças Públicas Municipais;Orçamento e Finanças;29/01/2025
1332;O Papel dos Conselhos de Administração das Empresas Estatais;Liderança;30/01/2025
1159;Programas e Serviços para a Primeira Infância na Administração Pública;Políticas Públicas / Excelência na Entrega de Serviços / Gestão Pública;04/02/2025
1280;Políticas Públicas para a Infraestrutura;Políticas Públicas / Infraestrutura;04/02/2025
645;Módulo de Obras: Cadastro do Projeto Básico;Transferências Voluntárias;11/02/2025
1157;Políticas Públicas e Governança para a Primeira Infância;Transparência, Controle e Participação / Estratégia e Planejamento / Gestão Pública;04/02/2025
1340;Projetos e Minutas de Lei sobre Reurb;Políticas Públicas;11/02/2025
1339;Direito de Águas à Luz da Governança;Regulação / Meio Ambiente;13/02/2025
1330;Migrações, Meio Ambiente e Mudança do Clima no Brasil;Meio Ambiente;20/02/2025
232;Ética Profissional do Serviço Público na Receita Federal do Brasil;Ética / Gestão de Pessoas;13/05/2020
473;Conformidade Cooperativa Fiscal na Receita Federal;Excelência na Entrega de Serviços / Transparência, Controle e Participação;03/05/2022
375;A Receita Federal e a Prevenção e Combate à Lavagem de Dinheiro e ao Financiamento do Terrorismo (PCLD/FT);Transparência, Controle e Participação;01/01/2021
470;Legislação Básica aplicada à Vigilância e Repressão;Transparência, Controle e Participação / Direito e Legislação;02/06/2022
479;Representação Fiscal para Fins Penais no âmbito da Receita Federal;Direito e Legislação;01/08/2022
478;Reorganização Societária, blindagem patrimonial e responsabilidade para a Receita Federal;Direito e Legislação;30/08/2022
350;Técnica legislativa aplicada à Receita Federal do Brasil;Direito e Legislação;06/11/2020
464;Contencioso Aduaneiro e Tributário no âmbito da Receita Federal;Direito e Legislação;31/08/2022
460;O arrolamento de bens para a proteção do crédito tributário no âmbito da Receita Federal;Regulação / Direito e Legislação / Orçamento e Finanças;02/09/2022
462;Atendimento Pré-hospitalar em Acidentes com Armas de Fogo Aplicado à Receita Federal;Saúde;02/09/2022
476;Planejamento Sucessório e Tributário aplicado à Receita Federal;Direito e Legislação;09/08/2022
461;Documentos fiscais aplicados à vigilância e repressão de ações da Receita Federal;Transparência, Controle e Participação / Direito e Legislação;27/06/2022
472;Mercado de Câmbio aplicado à Receita Federal;Economia;15/06/2022
465;Conceitos de Fiscalização Aduaneira;Direito e Legislação;07/09/2022
191;Supervisão de Estágio na Receita Federal do Brasil;Gestão de Pessoas;13/03/2020
603;Fundamentos da Lei Geral de Proteção de Dados;Análise e Ciência de Dados / Água e Saneamento / Governo e Transformação Digital;01/09/2021
303;S2ID - M1 - Usuário Estadual - Registro e Reconhecimento;Água e Saneamento / Gestão Pública;04/05/2020
41;eMAG Conteudista;Direitos Humanos e Cidadania;14/04/2015
929;Boas Práticas em Contratos de Serviços Terceirizados;Transparência, Controle e Participação;16/03/2023
259;Administração de Serviços na Nuvem de Governo;Gestão Pública / Governo e Transformação Digital;24/10/2019
198;Noções Básicas para Coordenar Cursos On-line;Educação e Docência;28/02/2019
225;Demonstrativo de Investimentos do RPPS - DAIR E DPIN;Aposentadoria e Previdência / Gestão de Pessoas;18/04/2019
751;Transmissão aérea: atualização após a Covid-19;Saúde;19/01/2022
73;Gestão da Informação e Documentação - Conceitos Básicos em Gestão Documental;Excelência na Entrega de Serviços / Análise e Ciência de Dados / Governo e Transformação Digital / Gestão da Informação e do Conhecimento;27/10/2015
277;Introduction to competency-based management;Educação e Docência / Gestão de Pessoas / Estratégia e Planejamento / Gestão Pública;18/03/2020
197;Funpresp para RH - A Previdência Complementar do Servidor Público Federal;Aposentadoria e Previdência / Gestão de Pessoas;01/08/2019
149;Promoção dos direitos da população em situação de rua;Direitos Humanos e Cidadania / Políticas Públicas;13/12/2018
175;Gestão por Competências;Gestão de Pessoas / Gestão Pública / Governo e Transformação Digital;28/02/2020
125;Gestão Tributária Municipal;Gestão Pública / Orçamento e Finanças;07/02/2019
245;Programa de Leniência Antitruste do CADE;Regulação / Transparência, Controle e Participação / Água e Saneamento;07/10/2019
172;Educação Fiscal - Estado e Tributação;Educação e Docência / Orçamento e Finanças;31/05/2019
702;Gestão de Comportamento nas Organizações;Gestão Pública / Governo e Transformação Digital;29/09/2021
120;Resolução de Conflitos Aplicada ao Contexto das Ouvidorias;Direitos Humanos e Cidadania / Ética / Excelência na Entrega de Serviços / Transparência, Controle e Participação;13/06/2017
1138;Primeiros passos com o Microsoft 365;Governo e Transformação Digital;29/04/2024
676;Etiquetado Ambiental Tipo I: sostenibilidad y competitividad para productos y servicios brasileños;Regulação;15/10/2021
840;Aplicação do Power BI para Aprimoramento da Gestão;Análise e Ciência de Dados / Governo e Transformação Digital;14/12/2022
774;Inovação em Compras Governamentais para a Segurança Pública;Logística e Compras Públicas;22/03/2023
896;Cobrança pela Prestação do Serviço Público de manejo de RSU;Regulação / Água e Saneamento / Infraestrutura;30/12/2022
498;Gestão de políticas públicas no âmbito local: saúde e assistência social;Políticas Públicas / Saúde / Gestão Pública / Orçamento e Finanças / Políticas Sociais;29/11/2022
397;Direito à Identidade, Cidadania e Documentação;Direitos Humanos e Cidadania / Direito e Legislação / Políticas Sociais;17/04/2021
912;Atuação do Conselho de Administração em Cooperativas de Crédito;Economia;10/01/2023
525;Cultura Organizacional Ágil Aplicada ao Contexto Público;Governo e Transformação Digital / Inovação;04/10/2022
8;Regulamentação da Lei de Acesso à Informação nos Municípios;Excelência na Entrega de Serviços / Transparência, Controle e Participação / Gestão Pública / Governo e Transformação Digital / Gestão da Informação e do Conhecimento;14/04/2015
42;eMAG Desenvolvedor;Direitos Humanos e Cidadania;14/04/2015
537;UX: Como Melhorar a Experiência do Usuário no Serviço Público Digital;Governo e Transformação Digital / Inovação / Gestão da Informação e do Conhecimento;10/05/2022
792;Papéis de Trabalho em Auditoria Interna Governamental;Transparência, Controle e Participação / Gestão Pública;26/04/2022
391;S2ID - M3 - Usuário Municipal - Solicitação de Recursos para Obras de Reconstrução;Políticas Públicas / Água e Saneamento / Gestão Pública / Infraestrutura;19/04/2021
659;Termo de Compromisso Cultural: Execução;Transferências Voluntárias / Políticas Públicas;04/01/2024
98;Avaliação de Impacto de Programas e Políticas Sociais;Excelência na Entrega de Serviços / Água e Saneamento / Gestão Pública;31/10/2017
903;Educação Financeira e Cooperativismo;Educação e Docência / Economia;17/02/2023
1012;Metodologias Educacionais Aplicadas à Temática Água e Sustentabilidade;Ética / Educação e Docência / Meio Ambiente / Água e Saneamento;01/12/2023
904;Gestão do Conhecimento - Teoria e Práticas;Gestão da Informação e do Conhecimento;30/12/2022
815;Storytelling com Dados para Comunicação Profissional de Sucesso;Desenvolvimento Pessoal / Comunicação / Gestão de Pessoas / Governo e Transformação Digital;19/12/2022
1167;IA Generativo da Microsoft - Copilot;Governo e Transformação Digital;01/07/2024
818;Técnica Legislativa;Direito e Legislação;28/04/2022
416;Gestão da Inovação no Setor Público;Gestão Pública / Inovação;24/05/2021
1016;Instrumentos de Desenvolvimento Urbano Sustentável - Governança;Políticas Públicas / Gestão Pública / Infraestrutura;16/11/2023
820;Comunicações Processuais;Transparência, Controle e Participação;09/06/2022
117;Introdução à Vigilância Sanitária;Saúde;31/10/2017
862;Noções sobre cooperativismo;Economia;12/08/2022
334;Gestão de Equipes em Trabalho Remoto;Gestão de Pessoas / Governo e Transformação Digital;21/08/2020
806;Estratégias de Marketing Digital para a Administração Pública;Governo e Transformação Digital / Inovação / Gestão da Informação e do Conhecimento;22/12/2022
